"","accuracy","heading","latitude","longitude","speed","timestamp"
"1",6,89,39.9886154,-83.0412135,7.59,1516231809
"2",7,93,39.9886025,-83.041103,8.61,1516231810
"3",6,92,39.9886065,-83.040974,10.18,1516231811
"4",5,96,39.9885899,-83.0408624,9.33,1516231812
"5",5,94,39.9885817,-83.0407727,9.46,1516231813
"6",5,94,39.9885661,-83.0406431,9.63,1516231814
"7",6,89,39.9885765,-83.0405559,8.66,1516231815
"8",6,93,39.9885832,-83.0404493,8.91,1516231816
"9",7,92,39.9885761,-83.040298,10.92,1516231817
"10",5,92,39.9885701,-83.0402563,6.61,1516231818
"11",5,93,39.9885715,-83.0401344,7.32,1516231819
"12",5,95,39.9885864,-83.0400441,7.13,1516231820
"13",5,98,39.9885704,-83.0399393,6.97,1516231821
"14",4,93,39.9885635,-83.0398557,7.57,1516231822
"15",4,94,39.9885571,-83.0397576,8.29,1516231823
"16",4,94,39.988552,-83.0396572,8.67,1516231824
"17",4,93,39.9885539,-83.0395617,9.52,1516231825
"18",4,92,39.9885378,-83.0394468,9.55,1516231826
"19",4,95,39.9885302,-83.0393322,9.68,1516231827
"20",4,94,39.9885167,-83.0392209,9.41,1516231828
"21",3.9,92,39.9885151,-83.0391143,9,1516231829
"22",3.9,92,39.9885175,-83.0390033,9.54,1516231830
"23",3.9,93,39.9885101,-83.0388855,10.01,1516231831
"24",3.9,94,39.9885086,-83.0387689,10.11,1516231832
"25",3.9,93,39.9885005,-83.0386388,10.53,1516231833
"26",3.9,93,39.9884961,-83.0385139,10.56,1516231834
"27",3.9,93,39.9884947,-83.0383844,10.56,1516231835
"28",3.9,93,39.9884871,-83.0382619,10.34,1516231836
"29",3.9,93,39.9884769,-83.0381484,9.96,1516231837
"30",3.9,93,39.9884694,-83.0380367,9.37,1516231838
"31",3.9,93,39.9884641,-83.0379282,8.91,1516231839
"32",3.9,93,39.9884603,-83.0378373,8.22,1516231840
"33",3.9,94,39.9884572,-83.0377444,7.84,1516231841
"34",3,93,39.9884497,-83.0376562,7.52,1516231842
"35",3.9,94,39.9884418,-83.0375777,7.23,1516231843
"36",3,95,39.9884332,-83.0375031,6.48,1516231844
"37",3.9,94,39.9884295,-83.0374421,5.28,1516231845
"38",3,94,39.9884279,-83.0373961,3.94,1516231846
"39",3.9,94,39.9884275,-83.0373713,2.24,1516231847
"40",3.9,94,39.9884303,-83.0373639,0.8,1516231848
"41",3.9,0,39.9884324,-83.0373613,0,1516231849
"42",3.9,0,39.9884318,-83.0373592,0,1516231850
"43",3,0,39.9884308,-83.0373584,0,1516231851
"44",3.9,0,39.9884316,-83.0373588,0,1516231852
"45",3.9,0,39.9884318,-83.0373586,0,1516231853
"46",3.9,0,39.9884324,-83.0373586,0,1516231854
"47",3.9,0,39.9884337,-83.0373597,0,1516231855
"48",3.9,0,39.9884351,-83.0373593,0,1516231856
"49",3.9,0,39.9884356,-83.0373599,0,1516231857
"50",3,0,39.9884359,-83.0373604,0,1516231858
"51",3.9,0,39.9884357,-83.0373606,0,1516231859
"52",3.9,0,39.9884358,-83.0373607,0,1516231860
"53",3.9,0,39.9884358,-83.03736,0,1516231861
"54",3.9,0,39.9884358,-83.03736,0,1516231862
"55",3.9,0,39.9884358,-83.0373599,0,1516231863
"56",3.9,0,39.9884358,-83.0373599,0,1516231864
"57",3.9,0,39.9884358,-83.0373599,0,1516231865
"58",3,0,39.9884358,-83.0373598,0,1516231866
"59",3.9,0,39.9884358,-83.0373598,0,1516231867
"60",3.9,0,39.9884359,-83.0373597,0,1516231868
"61",3,0,39.9884359,-83.0373597,0,1516231869
"62",3.9,0,39.9884359,-83.0373597,0,1516231870
"63",3.9,0,39.9884359,-83.0373597,0,1516231871
"64",4,0,39.9884359,-83.0373596,0,1516231872
"65",4,0,39.9884359,-83.0373596,0,1516231873
"66",4,0,39.9884359,-83.0373595,0,1516231874
"67",4,0,39.9884359,-83.0373595,0,1516231875
"68",4,0,39.9884359,-83.0373594,0,1516231876
"69",4,0,39.9884359,-83.0373594,0,1516231877
"70",4,0,39.9884359,-83.0373594,0,1516231878
"71",4,0,39.9884359,-83.0373594,0,1516231879
"72",4,0,39.9884359,-83.0373593,0,1516231880
"73",4,0,39.9884359,-83.0373593,0,1516231881
"74",4,0,39.9884359,-83.0373593,0,1516231882
"75",4,0,39.9884359,-83.0373593,0,1516231883
"76",4,91,39.9884295,-83.0373201,2.06,1516231884
"77",3.9,94,39.9884249,-83.0372896,3.04,1516231885
"78",3.9,94,39.9884229,-83.037254,3.04,1516231886
"79",3.9,94,39.9884197,-83.0371769,4.84,1516231887
"80",3.9,94,39.9884111,-83.0371201,5.08,1516231888
"81",3,94,39.9884021,-83.0370597,5.38,1516231889
"82",3.9,94,39.9883919,-83.0369912,5.65,1516231890
"83",3.9,94,39.988377,-83.0369156,5.95,1516231891
"84",3.9,94,39.9883657,-83.0368397,6.54,1516231892
"85",3.9,94,39.9883605,-83.0367594,6.46,1516231893
"86",3.9,94,39.9883625,-83.036679,5.71,1516231894
"87",3.9,93,39.9883624,-83.0366229,4.56,1516231895
"88",3.9,94,39.9883598,-83.0365766,3.62,1516231896
"89",3.9,94,39.9883565,-83.0365477,2.28,1516231897
"90",3.9,94,39.988362,-83.0365387,1.47,1516231898
"91",3.9,94,39.988361,-83.0365215,1.47,1516231899
"92",3.9,0,39.9883633,-83.0365385,0,1516231900
"93",3.9,0,39.9883652,-83.0365344,0,1516231901
"94",3.9,0,39.9883651,-83.0365344,0,1516231902
"95",3.9,0,39.9883641,-83.036533,0,1516231903
"96",4,0,39.9883675,-83.036539,0,1516231904
"97",4,0,39.9883675,-83.036539,0,1516231905
"98",4,0,39.9883689,-83.0365346,0,1516231906
"99",4,0,39.9883658,-83.0365347,0,1516231907
"100",4,0,39.9883657,-83.0365324,0,1516231908
"101",4,0,39.988364,-83.0365308,0,1516231909
"102",3.9,0,39.988364,-83.0365308,0,1516231910
"103",3.9,93,39.9883663,-83.0365196,1.29,1516231911
"104",3.9,349,39.9883582,-83.0365047,1.33,1516231912
"105",3.9,356,39.9883596,-83.0364765,1.75,1516231913
"106",4,93,39.9883648,-83.0364471,2.04,1516231914
"107",4,96,39.988361,-83.0364122,2.07,1516231915
"108",96,95,39.9883591,-83.0363888,1.96,1516231916
"109",96,100,39.9883564,-83.0363666,1.88,1516231917
"110",10,92,39.988342,-83.0362613,0.75,1516231921
"111",10,75,39.9883478,-83.0362576,0.96,1516231922
"112",10,67,39.9883568,-83.0362571,0.74,1516231923
"113",9,93,39.9883635,-83.0362604,0.26,1516231924
"114",9,94,39.9883663,-83.0362642,0.33,1516231925
"115",9,163,39.9883644,-83.0362704,0.68,1516231926
"116",8,236,39.9883629,-83.0362829,0.78,1516231927
"117",8,248,39.9883611,-83.0363005,0.66,1516231928
"118",8,259,39.9883597,-83.0363132,0.41,1516231929
"119",7,249,39.9883583,-83.0363201,0.41,1516231930
"120",6,239,39.9883575,-83.0363303,0.33,1516231931
"121",7,208,39.9883554,-83.0363332,0.4,1516231932
"122",7,172,39.9883486,-83.0363318,0.56,1516231933
"123",6,181,39.988342,-83.036328,0.38,1516231934
"124",5,255,39.9883416,-83.0363322,0.88,1516231935
"125",5,305,39.9883439,-83.0363389,0.47,1516231936
"126",5,0,39.9883485,-83.0363374,0,1516231937
"127",5,0,39.988354,-83.0363222,0,1516231938
"128",5,0,39.9883573,-83.0363167,0,1516231939
"129",4,0,39.9883598,-83.0363144,0,1516231940
"130",4,0,39.9883598,-83.0363099,0,1516231941
"131",3.9,0,39.9883603,-83.0363069,0,1516231942
"132",3.9,0,39.9883632,-83.0363106,0,1516231943
"133",3.9,0,39.9883636,-83.036308,0,1516231944
"134",4,0,39.9883639,-83.0363066,0,1516231945
"135",4,0,39.9883637,-83.036305,0,1516231946
"136",4,0,39.988364,-83.0363,0,1516231947
"137",4,96,39.9883562,-83.036223,5.46,1516231948
"138",4,94,39.9883663,-83.0361927,2.75,1516231949
"139",4,82,39.9883789,-83.0361326,4.48,1516231950
"140",6,93,39.9883705,-83.0360697,4.48,1516231951
"141",4,94,39.9883411,-83.03592,9.97,1516231952
"142",4,93,39.9883237,-83.0358203,7.94,1516231953
"143",4,93,39.9883145,-83.0357329,7.69,1516231954
"144",3.9,93,39.9883159,-83.0356396,8.1,1516231955
"145",3,93,39.9883088,-83.0355545,6.99,1516231956
"146",3,93,39.988315,-83.035489,5,1516231957
"147",3.9,95,39.9883078,-83.0354345,4.66,1516231958
"148",3.9,73,39.988317,-83.0353785,3.94,1516231959
"149",3.9,99,39.9883117,-83.035321,4.23,1516231960
"150",3.9,98,39.9883008,-83.0352757,3.52,1516231961
"151",9,90,39.9882949,-83.0352281,3.6,1516231962
"152",9,94,39.9882885,-83.0351705,5.05,1516231963
"153",9,91,39.9882942,-83.0350965,5.3,1516231964
"154",9,93,39.9882886,-83.0350406,5.28,1516231965
"155",9,93,39.9882826,-83.0349727,5.61,1516231966
"156",9,93,39.9882736,-83.0349147,5.4,1516231967
"157",9,93,39.9882669,-83.0348516,5.28,1516231968
"158",9,93,39.9882722,-83.0347893,5.12,1516231969
"159",9,95,39.988271,-83.0347309,5.24,1516231970
"160",9,91,39.9882722,-83.0346748,5.17,1516231971
"161",9,92,39.9882645,-83.0346122,5.04,1516231972
"162",9,92,39.9882602,-83.0345542,4.92,1516231973
"163",9,93,39.9882586,-83.0344924,4.81,1516231974
"164",9,94,39.9882564,-83.0344465,3.78,1516231975
"165",9,94,39.9882577,-83.0344177,2.68,1516231976
"166",9,94,39.9882564,-83.0343983,1.99,1516231977
"167",9,94,39.9882547,-83.0343671,2.48,1516231978
"168",3.9,94,39.988257,-83.0343691,0.88,1516231979
"169",3.9,94,39.9882579,-83.0343566,0.89,1516231980
"170",3.9,94,39.9882521,-83.0343488,0.75,1516231981
"171",3.9,94,39.9882524,-83.0343352,1,1516231982
"172",3.9,94,39.9882503,-83.0343196,1.43,1516231983
"173",3.9,94,39.9882478,-83.0342995,1.75,1516231984
"174",3.9,94,39.9882454,-83.0342696,2.84,1516231985
"175",3.9,95,39.9882431,-83.0342304,3.35,1516231986
"176",3.9,94,39.9882433,-83.034146,5.17,1516231987
"177",3.9,94,39.9882406,-83.0340863,5.25,1516231988
"178",3.9,94,39.9882311,-83.0340288,5.19,1516231989
"179",3.9,93,39.9882283,-83.0339753,4.38,1516231990
"180",3.9,93,39.988228,-83.0339381,3.39,1516231991
"181",3.9,93,39.9882238,-83.0339093,2.36,1516231992
"182",3.9,93,39.9882236,-83.0338904,1.54,1516231993
"183",3.9,93,39.9882223,-83.0338779,0.74,1516231994
"184",3.9,0,39.9882252,-83.0338803,0,1516231995
"185",3.9,0,39.9882287,-83.0338827,0,1516231996
"186",3.9,0,39.988231,-83.0338819,0,1516231997
"187",3.9,0,39.9882328,-83.03388,0,1516231998
"188",3.9,0,39.9882345,-83.0338783,0,1516231999
"189",3.9,93,39.9882375,-83.0338736,0.17,1516232000
"190",3.9,0,39.9882425,-83.0338786,0,1516232001
"191",3.9,92,39.9882429,-83.0338718,0.2,1516232002
"192",3.9,92,39.9882429,-83.033864,0.58,1516232003
"193",3.9,92,39.9882431,-83.0338508,1.13,1516232004
"194",3.9,93,39.9882407,-83.0338327,1.58,1516232005
"195",3.9,93,39.988239,-83.0338077,2.45,1516232006
"196",3.9,93,39.9882372,-83.0337729,3.32,1516232007
"197",3.9,93,39.9882347,-83.0337345,3.28,1516232008
"198",3.9,94,39.9882322,-83.0336953,3.51,1516232009
"199",3.9,93,39.9882299,-83.0336532,3.7,1516232010
"200",3.9,94,39.988227,-83.0336098,3.72,1516232011
"201",3.9,94,39.9882238,-83.033567,3.6,1516232012
"202",3,94,39.9882209,-83.0335267,3.35,1516232013
"203",3.9,94,39.9882181,-83.0334805,4.46,1516232014
"204",3.9,93,39.9882148,-83.0334014,5.9,1516232015
"205",3.9,93,39.9882069,-83.0333249,6.23,1516232016
"206",3.9,93,39.9882009,-83.0332472,6.42,1516232017
"207",3.9,93,39.9881995,-83.0331778,6.84,1516232018
"208",3.9,94,39.988191,-83.0331052,6.61,1516232019
"209",3.9,94,39.9881855,-83.0330264,6.62,1516232020
"210",3.9,94,39.9881821,-83.0329512,6.51,1516232021
"211",3.9,95,39.9881782,-83.0328773,6.39,1516232022
"212",3.9,94,39.988174,-83.0328071,5.93,1516232023
"213",3.9,94,39.9881699,-83.0327493,4.95,1516232024
"214",3.9,94,39.9881643,-83.0326988,4.78,1516232025
"215",3.9,94,39.9881593,-83.0326572,3.61,1516232026
"216",3.9,94,39.9881573,-83.0326383,2.38,1516232027
"217",3.9,94,39.9881591,-83.0326215,1.75,1516232028
"218",3,94,39.9881578,-83.032601,1.75,1516232029
"219",3.9,94,39.9881593,-83.0325791,1.39,1516232030
"220",3.9,94,39.9881572,-83.0325667,1.53,1516232031
"221",3.9,94,39.9881569,-83.0325463,1.28,1516232032
"222",3.9,94,39.9881561,-83.0325313,1.28,1516232033
"223",3.9,94,39.9881559,-83.0325156,0.91,1516232034
"224",3.9,94,39.988154,-83.0325074,0.29,1516232035
"225",3,94,39.9881527,-83.0325036,0.29,1516232036
"226",4,0,39.988153,-83.0325027,0,1516232037
"227",4,0,39.9881533,-83.032503,0,1516232038
"228",4,0,39.9881528,-83.0325027,0,1516232039
"229",4,0,39.9881534,-83.0325019,0,1516232040
"230",4,0,39.9881532,-83.0325009,0,1516232041
"231",3.9,0,39.988154,-83.0325001,0,1516232042
"232",3.9,0,39.988155,-83.0324997,0,1516232043
"233",3.9,0,39.988156,-83.0325,0,1516232044
"234",3.9,0,39.9881571,-83.0324996,0,1516232045
"235",3.9,0,39.9881574,-83.0324993,0,1516232046
"236",3.9,0,39.9881576,-83.032499,0,1516232047
"237",3.9,0,39.9881578,-83.0324988,0,1516232048
"238",3.9,0,39.9881578,-83.0324986,0,1516232049
"239",4,0,39.9881578,-83.0324986,0,1516232050
"240",4,0,39.9881578,-83.0324985,0,1516232051
"241",3.9,0,39.9881577,-83.0324985,0,1516232052
"242",4,0,39.9881576,-83.0324986,0,1516232053
"243",4,0,39.9881576,-83.0324986,0,1516232054
"244",5,0,39.9881576,-83.0324987,0,1516232055
"245",5,0,39.9881576,-83.0324987,0,1516232056
"246",5,0,39.9881577,-83.0324985,0,1516232057
"247",5,0,39.9881576,-83.0324984,0,1516232058
"248",5,94,39.9881598,-83.0324943,0.81,1516232059
"249",5,94,39.9881599,-83.0324824,1.41,1516232060
"250",5,94,39.9881589,-83.0324638,1.86,1516232061
"251",5,95,39.9881575,-83.032436,3.04,1516232062
"252",4,92,39.9881566,-83.0323948,4,1516232063
"253",4,93,39.9881516,-83.0323434,4.87,1516232064
"254",4,93,39.9881348,-83.0322832,5.31,1516232065
"255",4,93,39.9881311,-83.0322167,5.71,1516232066
"256",4,93,39.9881316,-83.032139,6.68,1516232067
"257",4,93,39.9881324,-83.0320554,7.02,1516232068
"258",5,93,39.9881298,-83.0319751,6.88,1516232069
"259",5,92,39.9881268,-83.0318946,6.87,1516232070
"260",4,95,39.9881051,-83.0318075,6.62,1516232071
"261",4,93,39.9881051,-83.0317316,6.41,1516232072
"262",4,93,39.9881065,-83.0316553,6.89,1516232073
"263",4,93,39.9881026,-83.0315638,7.71,1516232074
"264",3.9,93,39.9881017,-83.0314636,8.37,1516232075
"265",3.9,92,39.9880976,-83.0313658,8.37,1516232076
"266",4,92,39.9880728,-83.0312532,8.03,1516232077
"267",4,93,39.9880571,-83.0311785,7.7,1516232078
"268",4,93,39.9880523,-83.031081,7.59,1516232079
"269",4,93,39.9880454,-83.0309882,8.43,1516232080
"270",4,94,39.9880374,-83.0308982,8.36,1516232081
"271",5,94,39.9880325,-83.030794,8.33,1516232082
"272",5,94,39.9880258,-83.0306969,8.79,1516232083
"273",5,94,39.9880208,-83.0305949,9.1,1516232084
"274",5,93,39.9880224,-83.0304891,8.91,1516232085
"275",5,92,39.9880176,-83.030394,8.74,1516232086
"276",4,92,39.988019,-83.0302949,8.32,1516232087
"277",4,93,39.9880134,-83.0302071,8.86,1516232088
"278",4,93,39.9879946,-83.0300996,9.58,1516232089
"279",4,92,39.9879912,-83.0299855,9.66,1516232090
"280",4,93,39.9879914,-83.0298631,11.25,1516232091
"281",4,93,39.9879883,-83.02972,12.35,1516232092
"282",3.9,93,39.9879731,-83.0295721,12.17,1516232093
"283",4,92,39.9879716,-83.0294243,11.7,1516232094
"284",3.9,93,39.9879661,-83.0292928,11.16,1516232095
"285",3.9,92,39.9879627,-83.0291674,11.03,1516232096
"286",3.9,94,39.9879553,-83.0290513,10.73,1516232097
"287",3.9,94,39.9879458,-83.0289321,9.68,1516232098
"288",3.9,94,39.9879357,-83.0288281,8.96,1516232099
"289",3.9,93,39.9879324,-83.0287323,8.43,1516232100
"290",3.9,93,39.9879276,-83.0286358,7.71,1516232101
"291",3.9,93,39.987925,-83.0285546,6.98,1516232102
"292",3.9,93,39.9879237,-83.0284727,6.7,1516232103
"293",3.9,93,39.9879231,-83.0284001,6.4,1516232104
"294",4,93,39.9879217,-83.028325,6.27,1516232105
"295",4,94,39.9879153,-83.0282326,6.37,1516232106
"296",4,93,39.9879235,-83.0281588,6.58,1516232107
"297",3.9,92,39.9879313,-83.028084,7,1516232108
"298",4,92,39.98793,-83.0280061,5.76,1516232109
"299",4,92,39.987927,-83.0279451,4.55,1516232110
"300",3.9,91,39.9879278,-83.0278938,4.03,1516232111
"301",4,91,39.9879399,-83.0278651,3.42,1516232112
"302",4,90,39.9879384,-83.0278271,3.32,1516232113
"303",4,91,39.9879435,-83.0277953,3.64,1516232114
"304",4,92,39.9879358,-83.0277529,4.12,1516232115
"305",4,92,39.9879399,-83.027699,4.48,1516232116
"306",5,91,39.9879409,-83.0276481,4.6,1516232117
"307",4,92,39.98794,-83.0275939,4.91,1516232118
"308",4,92,39.9879269,-83.0275363,5.48,1516232119
"309",5,92,39.9879216,-83.0274581,6.83,1516232120
"310",5,92,39.987918,-83.0273578,8.44,1516232121
"311",5,92,39.9879199,-83.0272479,8.97,1516232122
"312",5,93,39.9879158,-83.0271469,8.95,1516232123
"313",6,93,39.9879108,-83.0270422,8.95,1516232124
"314",6,93,39.9879006,-83.0269535,8.02,1516232125
"315",7,94,39.9878949,-83.0268664,7.38,1516232126
"316",8,94,39.98789,-83.0267802,7.38,1516232127
"317",7,93,39.9878886,-83.026717,6.53,1516232128
"318",5,94,39.9878869,-83.0266535,5.58,1516232129
"319",5,94,39.9878826,-83.0266106,4.6,1516232130
"320",4,94,39.9878734,-83.0265626,3.92,1516232131
"321",4,94,39.9878622,-83.0265137,3.19,1516232132
"322",4,94,39.9878592,-83.026488,2.2,1516232133
"323",4,94,39.9878576,-83.0264622,2.2,1516232134
"324",4,94,39.9878588,-83.0264588,0.87,1516232135
"325",4,94,39.9878577,-83.0264513,0.36,1516232136
"326",4,94,39.9878573,-83.026447,0.36,1516232137
"327",4,0,39.9878552,-83.0264469,0,1516232138
"328",4,0,39.9878576,-83.0264457,0,1516232139
"329",4,0,39.9878584,-83.0264436,0,1516232140
"330",4,0,39.9878593,-83.0264431,0,1516232141
"331",4,0,39.9878576,-83.0264425,0,1516232142
"332",4,0,39.987857,-83.0264428,0,1516232143
"333",3.9,0,39.9878574,-83.026442,0,1516232144
"334",3.9,0,39.9878596,-83.0264459,0,1516232145
"335",3.9,0,39.9878596,-83.0264459,0,1516232146
"336",3.9,0,39.9878605,-83.0264463,0,1516232147
"337",3.9,0,39.9878604,-83.0264458,0,1516232148
"338",3.9,0,39.9878604,-83.0264458,0,1516232149
"339",3.9,0,39.9878605,-83.0264458,0,1516232150
"340",3.9,0,39.9878602,-83.0264452,0,1516232151
"341",3.9,0,39.9878604,-83.0264454,0,1516232152
"342",3.9,0,39.9878604,-83.0264454,0,1516232153
"343",3.9,0,39.9878605,-83.0264456,0,1516232154
"344",3.9,0,39.9878605,-83.0264456,0,1516232155
"345",3.9,0,39.9878605,-83.0264455,0,1516232156
"346",3.9,0,39.9878605,-83.0264454,0,1516232157
"347",3,0,39.9878604,-83.0264454,0,1516232158
"348",3.9,0,39.9878604,-83.0264454,0,1516232159
"349",3.9,0,39.9878604,-83.0264454,0,1516232160
"350",3.9,0,39.9878605,-83.0264454,0,1516232161
"351",3.9,0,39.9878604,-83.0264454,0,1516232162
"352",3.9,0,39.9878603,-83.0264449,0,1516232163
"353",3.9,0,39.9878603,-83.0264449,0,1516232164
"354",3.9,0,39.9878603,-83.0264449,0,1516232165
"355",3.9,0,39.9878602,-83.0264446,0,1516232166
"356",3.9,94,39.9878615,-83.0264344,0.94,1516232167
"357",3.9,94,39.9878614,-83.0264332,0.9,1516232168
"358",3.9,94,39.9878607,-83.0264226,0.9,1516232169
"359",3.9,0,39.9878589,-83.0264201,0,1516232170
"360",3.9,0,39.9878587,-83.0264231,0,1516232171
"361",3.9,0,39.9878604,-83.026424,0,1516232172
"362",3.9,0,39.987861,-83.0264224,0,1516232173
"363",3.9,0,39.9878609,-83.0264225,0,1516232174
"364",3.9,0,39.9878609,-83.0264226,0,1516232175
"365",3.9,0,39.9878634,-83.026424,0,1516232176
"366",3.9,0,39.9878652,-83.0264226,0,1516232177
"367",3,0,39.987866,-83.0264221,0,1516232178
"368",4,0,39.9878653,-83.0264213,0,1516232179
"369",4,0,39.9878654,-83.0264204,0,1516232180
"370",4,0,39.9878651,-83.0264204,0,1516232181
"371",4,0,39.9878649,-83.0264204,0,1516232182
"372",4,0,39.9878647,-83.0264198,0,1516232183
"373",4,0,39.9878646,-83.0264192,0,1516232184
"374",4,0,39.9878644,-83.0264188,0,1516232185
"375",4,0,39.9878643,-83.0264186,0,1516232186
"376",3.9,0,39.9878659,-83.0264181,0,1516232187
"377",4,0,39.9878667,-83.0264178,0,1516232188
"378",4,0,39.9878671,-83.0264176,0,1516232189
"379",4,0,39.9878674,-83.0264174,0,1516232190
"380",4,0,39.9878675,-83.0264174,0,1516232191
"381",4,0,39.9878676,-83.0264173,0,1516232192
"382",4,0,39.9878677,-83.0264172,0,1516232193
"383",4,0,39.9878677,-83.0264172,0,1516232194
"384",5,0,39.9878677,-83.0264172,0,1516232195
"385",6,0,39.9878677,-83.0264172,0,1516232196
"386",5,0,39.9878677,-83.0264172,0,1516232197
"387",10,0,39.9878677,-83.0264173,0,1516232198
"388",9,0,39.9878676,-83.0264173,0,1516232199
"389",9,0,39.9878676,-83.0264173,0,1516232200
"390",9,0,39.9878676,-83.0264173,0,1516232201
"391",9,98,39.9878612,-83.0264122,0.97,1516232202
"392",4,90,39.9878605,-83.0263931,1.46,1516232203
"393",3.9,92,39.9878593,-83.0262228,10.42,1516232204
"394",3.9,94,39.9878441,-83.0261219,7.79,1516232205
"395",3.9,94,39.9878427,-83.0260121,8.6,1516232206
"396",3.9,91,39.9878376,-83.0259154,8.14,1516232207
"397",3.9,85,39.9878438,-83.0258257,7.66,1516232208
"398",3.9,69,39.9878603,-83.0257474,7.05,1516232209
"399",3.9,54,39.9878807,-83.0256728,6.52,1516232210
"400",3.9,30,39.9879254,-83.025626,5.99,1516232213
"401",3.9,24,39.9880041,-83.0256072,7.14,1516232212
"402",3.9,17,39.9880985,-83.0256146,8.5,1516232213
"403",3.9,355,39.9881768,-83.0256103,8.94,1516232214
"404",3.9,355,39.9882639,-83.0256144,9.51,1516232215
"405",3.9,355,39.9883566,-83.0256235,9.34,1516232216
"406",3.9,355,39.9884457,-83.0256381,9.31,1516232217
"407",3.9,355,39.9885326,-83.0256511,9.49,1516232218
"408",3.9,355,39.9886199,-83.0256611,9.73,1516232219
"409",3.9,355,39.9887083,-83.025669,9.82,1516232220
"410",3.9,355,39.9887993,-83.025674,9.66,1516232221
"411",3.9,355,39.9888868,-83.0256804,9.26,1516232222
"412",3.9,356,39.9889641,-83.0256863,8.15,1516232223
"413",3.9,356,39.9890228,-83.0256958,7.03,1516232224
"414",3.9,355,39.9890848,-83.0257029,6.58,1516232225
"415",3.9,350,39.9891332,-83.0256965,5.27,1516232226
"416",3.9,354,39.989175,-83.0256984,4.42,1516232227
"417",3.9,326,39.9892029,-83.0256972,2.39,1516232228
"418",3.9,328,39.9892301,-83.0257005,1.95,1516232229
"419",3.9,328,39.9892271,-83.0257108,1.53,1516232230
"420",4,328,39.9892433,-83.0257181,1.12,1516232231
"421",3.9,330,39.9892692,-83.0257258,1.61,1516232232
"422",4,331,39.9892892,-83.0257367,2.15,1516232233
"423",4,335,39.9893081,-83.025742,3.45,1516232234
"424",4,348,39.9893563,-83.0257442,4.07,1516232235
"425",4,345,39.9893956,-83.0257444,4.09,1516232236
"426",4,347,39.9894335,-83.0257497,4.03,1516232237
"427",5,350,39.9894709,-83.0257513,3.83,1516232238
"428",4,354,39.9895026,-83.0257505,2.87,1516232239
"429",4,354,39.9895246,-83.0257513,2.15,1516232240
"430",4,355,39.9895422,-83.0257525,1.81,1516232241
"431",4,357,39.9895583,-83.0257532,1.81,1516232242
"432",4,359,39.9895655,-83.0257529,0.15,1516232243
"433",4,0,39.9895627,-83.0257467,0,1516232244
"434",3.9,0,39.9895607,-83.0257426,0,1516232245
"435",3.9,0,39.9895615,-83.0257411,0,1516232246
"436",3.9,0,39.9895629,-83.025741,0,1516232247
"437",3.9,0,39.9895663,-83.0257414,0,1516232248
"438",3.9,0,39.9895646,-83.0257395,0,1516232249
"439",3.9,0,39.9895649,-83.0257395,0,1516232250
"440",4,0,39.9895661,-83.0257387,0,1516232251
"441",4,0,39.9895679,-83.0257388,0,1516232252
"442",4,0,39.9895689,-83.0257382,0,1516232253
"443",4,0,39.98957,-83.0257382,0,1516232254
"444",5,0,39.9895709,-83.0257374,0,1516232255
"445",4,0,39.9895717,-83.025737,0,1516232256
"446",4,0,39.9895719,-83.0257371,0,1516232257
"447",4,0,39.9895719,-83.0257374,0,1516232258
"448",4,0,39.9895719,-83.0257376,0,1516232259
"449",4,0,39.9895717,-83.025738,0,1516232260
"450",4,0,39.9895715,-83.0257385,0,1516232261
"451",4,0,39.9895713,-83.0257388,0,1516232262
"452",4,0,39.9895711,-83.0257391,0,1516232263
"453",4,0,39.989571,-83.0257394,0,1516232264
"454",4,0,39.9895708,-83.0257397,0,1516232265
"455",4,0,39.9895707,-83.02574,0,1516232266
"456",5,0,39.9895706,-83.0257403,0,1516232267
"457",5,0,39.9895704,-83.0257407,0,1516232268
"458",4,0,39.9895704,-83.0257409,0,1516232269
"459",4,0,39.9895703,-83.0257412,0,1516232270
"460",4,0,39.9895702,-83.0257414,0,1516232271
"461",4,0,39.98957,-83.0257418,0,1516232272
"462",5,0,39.9895699,-83.0257421,0,1516232273
"463",5,0,39.9895698,-83.0257424,0,1516232274
"464",5,0,39.9895697,-83.0257427,0,1516232275
"465",6,0,39.9895695,-83.0257431,0,1516232276
"466",6,0,39.9895696,-83.0257431,0,1516232277
"467",10,0,39.9895696,-83.0257434,0,1516232278
"468",10,0,39.9895696,-83.0257435,0,1516232279
"469",10,0,39.9895696,-83.0257437,0,1516232280
"470",10,0,39.9895695,-83.0257439,0,1516232281
"471",10,0,39.9895694,-83.0257441,0,1516232282
"472",10,0,39.9895693,-83.0257444,0,1516232283
"473",11,0,39.9895692,-83.0257446,0,1516232284
"474",11,0,39.9895691,-83.0257448,0,1516232285
"475",11,0,39.989569,-83.0257451,0,1516232286
"476",11,0,39.9895689,-83.0257454,0,1516232287
"477",11,0,39.9895688,-83.0257456,0,1516232288
"478",11,0,39.9895687,-83.0257459,0,1516232289
"479",11,0,39.9895686,-83.0257461,0,1516232290
"480",11,0,39.9895684,-83.0257463,0,1516232291
"481",11,0,39.9895683,-83.0257466,0,1516232292
"482",11,0,39.9895681,-83.0257469,0,1516232293
"483",11,0,39.989568,-83.0257471,0,1516232294
"484",10,0,39.9895679,-83.0257473,0,1516232295
"485",10,0,39.9895678,-83.0257475,0,1516232296
"486",10,45,39.9895728,-83.0257451,0.43,1516232297
"487",10,46,39.9895802,-83.0257437,0.86,1516232298
"488",10,47,39.9895951,-83.025738,1.9,1516232299
"489",9,48,39.9896203,-83.0257269,3.24,1516232300
"490",9,48,39.9896532,-83.0257098,3.83,1516232301
"491",9,49,39.9896905,-83.025694,4.25,1516232302
"492",9,352,39.9897843,-83.0257866,5.29,1516232303
"493",9,2,39.989867,-83.0257792,6.82,1516232304
"494",9,0,39.989934,-83.0257802,6.65,1516232305
"495",9,357,39.9900019,-83.0257935,6.76,1516232306
"496",9,358,39.9900705,-83.0257978,7.21,1516232307
"497",9,358,39.9901295,-83.0258005,6.58,1516232308
"498",9,359,39.9901846,-83.0258006,6.2,1516232309
"499",9,0,39.9902434,-83.0258005,6.01,1516232310
"500",100,1,39.290312,-82.0257972,6.73,1516232311
"501",100,358,39.2903932,-82.0258223,7.65,1516232312
"502",100,358,39.2904564,-82.0258322,7.47,1516232313
"503",9,358,39.9905219,-83.0258425,7.24,1516232314
"504",9,0,39.9905827,-83.0258469,6.93,1516232315
"505",9,1,39.9906437,-83.0258501,6.74,1516232316
"506",9,2,39.9906872,-83.0258468,5.37,1516232317
"507",9,3,39.990713,-83.0258435,4.09,1516232318
"508",9,4,39.9907258,-83.0258394,2.49,1516232319
"509",9,5,39.9907316,-83.0258362,1.26,1516232320
"510",9,0,39.9907355,-83.0258379,0,1516232321
"511",9,0,39.9907392,-83.0258377,0,1516232322
"512",9,0,39.9907462,-83.0258367,0,1516232323
"513",9,0,39.9907483,-83.0258383,0,1516232324
"514",9,0,39.9907526,-83.0258352,0,1516232325
"515",9,0,39.9907541,-83.0258334,0,1516232326
"516",9,0,39.9907567,-83.0258309,0,1516232327
"517",9,0,39.9907565,-83.0258296,0,1516232328
"518",9,0,39.9907571,-83.025829,0,1516232329
"519",9,0,39.9907587,-83.0258306,0,1516232330
"520",9,0,39.9907594,-83.0258309,0,1516232331
"521",3.9,0,39.9907598,-83.0258311,0,1516232332
"522",3.9,0,39.9907599,-83.0258308,0,1516232333
"523",3.9,0,39.9907601,-83.0258307,0,1516232334
"524",3.9,0,39.9907602,-83.0258307,0,1516232335
"525",3.9,0,39.9907603,-83.0258306,0,1516232336
"526",3.9,0,39.9907603,-83.0258306,0,1516232337
"527",3.9,0,39.9907603,-83.0258306,0,1516232338
"528",3.9,0,39.9907603,-83.0258306,0,1516232339
"529",3.9,0,39.9907603,-83.0258306,0,1516232340
"530",3.9,0,39.9907603,-83.0258305,0,1516232341
"531",3.9,0,39.9907602,-83.0258305,0,1516232342
"532",3.9,0,39.99076,-83.0258305,0,1516232343
"533",3.9,0,39.9907601,-83.0258305,0,1516232344
"534",3.9,0,39.9907601,-83.0258305,0,1516232345
"535",3.9,0,39.9907601,-83.0258305,0,1516232346
"536",3.9,0,39.9907601,-83.0258305,0,1516232347
"537",3.9,0,39.9907601,-83.0258305,0,1516232348
"538",3.9,0,39.9907602,-83.0258304,0,1516232349
"539",3.9,0,39.9907603,-83.0258304,0,1516232350
"540",3.9,0,39.9907603,-83.0258304,0,1516232351
"541",3.9,0,39.9907603,-83.0258304,0,1516232352
"542",3.9,0,39.9907604,-83.0258303,0,1516232353
"543",3.9,0,39.9907605,-83.0258302,0,1516232354
"544",3.9,0,39.9907605,-83.0258302,0,1516232355
"545",3.9,0,39.9907605,-83.0258301,0,1516232356
"546",3.9,0,39.9907606,-83.02583,0,1516232357
"547",3.9,0,39.9907606,-83.0258301,0,1516232358
"548",3.9,0,39.9907605,-83.0258301,0,1516232359
"549",3.9,0,39.9907604,-83.0258301,0,1516232360
"550",3.9,0,39.9907605,-83.0258301,0,1516232361
"551",3.9,0,39.9907604,-83.0258301,0,1516232362
"552",3.9,0,39.9907601,-83.0258302,0,1516232363
"553",3.9,0,39.9907602,-83.0258302,0,1516232364
"554",3.9,0,39.9907601,-83.0258301,0,1516232365
"555",3.9,0,39.9907601,-83.0258301,0,1516232366
"556",3,0,39.99076,-83.0258301,0,1516232367
"557",3.9,0,39.99076,-83.0258302,0,1516232368
"558",3,0,39.99076,-83.0258301,0,1516232369
"559",3.9,0,39.9907599,-83.0258302,0,1516232370
"560",3.9,0,39.9907599,-83.0258303,0,1516232371
"561",3.9,0,39.9907599,-83.0258303,0,1516232372
"562",3,0,39.9907598,-83.0258303,0,1516232373
"563",3.9,0,39.9907598,-83.0258303,0,1516232374
"564",3.9,0,39.9907597,-83.0258303,0,1516232375
"565",3.9,0,39.9907596,-83.0258302,0,1516232376
"566",3.9,0,39.9907597,-83.0258302,0,1516232377
"567",3.9,0,39.9907595,-83.0258302,0,1516232378
"568",3.9,0,39.9907595,-83.0258302,0,1516232379
"569",3.9,0,39.9907594,-83.0258302,0,1516232380
"570",3.9,0,39.9907595,-83.0258302,0,1516232381
"571",3.9,0,39.9907594,-83.0258302,0,1516232382
"572",3.9,0,39.9907593,-83.0258301,0,1516232383
"573",3.9,0,39.9907591,-83.0258301,0,1516232384
"574",3.9,0,39.9907591,-83.0258301,0,1516232385
"575",3.9,0,39.9907591,-83.0258301,0,1516232386
"576",3.9,0,39.9907589,-83.0258301,0,1516232387
"577",3.9,0,39.9907588,-83.0258301,0,1516232388
"578",3.9,0,39.9907586,-83.0258302,0,1516232389
"579",3.9,0,39.9907586,-83.0258302,0,1516232390
"580",3.9,0,39.9907584,-83.0258302,0,1516232391
"581",3.9,0,39.9907585,-83.0258303,0,1516232392
"582",3.9,0,39.9907584,-83.0258303,0,1516232393
"583",3.9,0,39.9907584,-83.0258303,0,1516232394
"584",3.9,0,39.9907583,-83.0258302,0,1516232395
"585",3.9,0,39.9907582,-83.0258303,0,1516232396
"586",3.9,0,39.9907711,-83.0258322,1.36,1516232397
"587",3.9,0,39.990793,-83.0258266,2.75,1516232398
"588",3.9,358,39.9908253,-83.0258296,4.54,1516232399
"589",3.9,359,39.9908769,-83.0258307,6.47,1516232400
"590",3.9,0,39.9909468,-83.0258328,8.42,1516232401
"591",3.9,0,39.9910268,-83.0258347,10.12,1516232402
"592",3.9,1,39.9911226,-83.0258346,11.28,1516232403
"593",3.9,2,39.9912216,-83.0258298,12.22,1516232404
"594",3.9,4,39.9913344,-83.0258193,12.97,1516232405
"595",3.9,5,39.9914542,-83.0258053,13.8,1516232406
"596",3.9,6,39.991578,-83.0257923,13.89,1516232407
"597",3.9,6,39.9917024,-83.0257755,14.16,1516232408
"598",3.9,5,39.9918272,-83.025767,14.15,1516232409
"599",3.9,6,39.9919494,-83.0257489,13.8,1516232410
"600",3.9,6,39.9920717,-83.0257293,13.39,1516232411
"601",3.9,7,39.9921899,-83.0257091,13.03,1516232412
"602",3.9,6,39.9923025,-83.0256864,12.72,1516232413
"603",3.9,7,39.9924166,-83.0256658,12.33,1516232414
"604",3.9,6,39.9925178,-83.0256506,11.32,1516232415
"605",3.9,6,39.9925998,-83.0256317,9.56,1516232416
"606",3.9,6,39.9926759,-83.0256161,7.86,1516232417
"607",3.9,7,39.9927362,-83.0256114,6.81,1516232418
"608",3.9,6,39.9927966,-83.0256046,5.78,1516232419
"609",3.9,6,39.9928541,-83.0256024,5.95,1516232420
"610",3.9,6,39.9929084,-83.0255926,6.77,1516232421
"611",3.9,6,39.9929775,-83.0255814,8.02,1516232422
"612",3.9,6,39.9930586,-83.0255722,9.19,1516232423
"613",3.9,6,39.9931386,-83.025559,9.78,1516232424
"614",3.9,6,39.9932339,-83.0255503,10.75,1516232425
"615",3.9,6,39.9933322,-83.0255363,11.58,1516232426
"616",3.9,6,39.9934402,-83.0255218,12.5,1516232427
"617",3.9,6,39.9935605,-83.0255075,13.27,1516232428
"618",3.9,6,39.9936743,-83.0254906,13.01,1516232429
"619",3.9,6,39.9937942,-83.0254789,12.55,1516232430
"620",3.9,6,39.9939056,-83.0254568,12.23,1516232431
"621",3.9,6,39.9940141,-83.0254376,12.14,1516232432
"622",3.9,6,39.9941266,-83.0254302,12.4,1516232433
"623",3.9,6,39.9942418,-83.0254101,13.04,1516232434
"624",3.9,6,39.9943643,-83.0253953,13.53,1516232435
"625",3.9,7,39.9944946,-83.0253868,13.64,1516232436
"626",3.9,8,39.9946195,-83.0253651,13.68,1516232437
"627",3.9,8,39.9947338,-83.0253402,13.73,1516232438
"628",3.9,10,39.9948592,-83.0253092,14,1516232439
"629",3.9,12,39.9949888,-83.0252774,14.11,1516232440
"630",4,14,39.9951125,-83.0252398,14.1,1516232441
"631",4,15,39.9952263,-83.0251951,13.79,1516232442
"632",4,16,39.9953421,-83.0251521,14.05,1516232443
"633",4,18,39.9954921,-83.025104,14.25,1516232444
"634",4,20,39.9956092,-83.0250482,14.11,1516232445
"635",4,25,39.9957248,-83.0249771,14.09,1516232446
"636",4,27,39.9958336,-83.0249018,14.14,1516232447
"637",5,29,39.9959451,-83.0248234,14.1,1516232448
"638",96,30,39.9960594,-83.0247388,14.22,1516232449
"639",96,30,39.9961971,-83.0246332,15.61,1516232450
"640",7,28,39.9963463,-83.0245237,16.95,1516232451
"641",6,24,39.9964731,-83.0244353,16.94,1516232452
"642",6,20,39.9966108,-83.0243765,16.87,1516232453
"643",4,13,39.9967287,-83.0243305,16.36,1516232454
"644",4,7,39.9968698,-83.024298,16.21,1516232455
"645",4,358,39.9970266,-83.0242985,16.96,1516232456
"646",4,352,39.9971555,-83.0243037,15.56,1516232457
"647",4,343,39.9972963,-83.024385,16.45,1516232458
"648",3.9,336,39.9974315,-83.0244816,15.84,1516232459
"649",3.9,327,39.9975502,-83.0245704,15.2,1516232460
"650",3.9,320,39.9976449,-83.0247094,15.39,1516232461
"651",4,312,39.9977425,-83.024849,15.7,1516232462
"652",4,306,39.9978135,-83.0249715,13.57,1516232463
"653",4,299,39.9978595,-83.0251233,12.38,1516232464
"654",3.9,297,39.9979069,-83.0252521,11.84,1516232465
"655",3.9,295,39.9979576,-83.0253806,12.04,1516232466
"656",3.9,295,39.9979989,-83.0255061,12.19,1516232467
"657",3.9,295,39.998041,-83.0256397,12.39,1516232468
"658",3.9,295,39.9980842,-83.0257722,12.19,1516232469
"659",3.9,294,39.9981239,-83.0258985,11.6,1516232470
"660",3.9,294,39.9981604,-83.0260165,10.67,1516232471
"661",3.9,294,39.9981941,-83.026127,9.58,1516232472
"662",3,293,39.9982252,-83.0262234,9,1516232473
"663",3.9,294,39.9982551,-83.0263187,9.04,1516232474
"664",3.9,293,39.9982984,-83.0264171,9.7,1516232475
"665",3.9,294,39.9983316,-83.0265252,10.59,1516232476
"666",3.9,295,39.9983737,-83.0266403,10.89,1516232477
"667",3.9,296,39.9984185,-83.0267637,10.73,1516232478
"668",3.9,296,39.9984643,-83.0268839,11.4,1516232479
"669",3.9,299,39.9985263,-83.0270098,11.8,1516232480
"670",3.9,300,39.9985832,-83.0271325,11.88,1516232481
"671",3.9,300,39.9986398,-83.0272492,11.63,1516232482
"672",3.9,301,39.9986943,-83.0273661,11.66,1516232483
"673",3.9,301,39.9987396,-83.0274809,11.02,1516232484
"674",3.9,301,39.9987856,-83.0275926,10.48,1516232485
"675",3.9,301,39.9988285,-83.0276956,9.99,1516232486
"676",3.9,302,39.9988739,-83.0277928,9.74,1516232487
"677",3.9,302,39.9989243,-83.0278884,9.44,1516232488
"678",4,303,39.9989706,-83.0279813,9.45,1516232489
"679",3.9,305,39.9990256,-83.0280632,9.62,1516232490
"680",3.9,305,39.9990695,-83.0281523,9.98,1516232491
"681",3.9,307,39.9991377,-83.0282575,10.85,1516232492
"682",3.9,310,39.9992147,-83.0283632,11.54,1516232493
"683",3.9,311,39.9992679,-83.028466,11.92,1516232494
"684",3.9,313,39.9993608,-83.0285703,11.92,1516232495
"685",3.9,315,39.9994376,-83.0286746,11.48,1516232496
"686",4,316,39.9995082,-83.0287631,10.89,1516232497
"687",4,317,39.9995808,-83.0288508,10.95,1516232498
"688",4,320,39.999665,-83.0289452,10.8,1516232499
"689",4,321,39.9997448,-83.0290199,10.72,1516232500
"690",4,322,39.9997868,-83.0290711,9.92,1516232501
"691",4,325,39.9998474,-83.0291405,9.62,1516232502
"692",4,327,39.9999257,-83.0291962,9.77,1516232503
"693",4,328,39.9999994,-83.0292622,9.44,1516232504
"694",4,328,40.0000735,-83.0293184,9.25,1516232505
"695",5,330,40.0001406,-83.0293703,9.08,1516232506
"696",5,331,40.0002128,-83.02942,8.94,1516232507
"697",5,334,40.0003112,-83.0294714,9.18,1516232508
"698",4,335,40.0003764,-83.0295106,9.86,1516232509
"699",4,337,40.0004657,-83.0295487,10.29,1516232510
"700",4,339,40.0005648,-83.0295931,11.16,1516232511
"701",4,340,40.0006601,-83.0296424,10.89,1516232512
"702",5,343,40.0007398,-83.0296624,10.74,1516232513
"703",5,344,40.0008571,-83.0297096,11.97,1516232514
"704",5,345,40.0009616,-83.0297444,12.24,1516232515
"705",5,347,40.0010817,-83.029783,11.97,1516232516
"706",6,347,40.0011959,-83.0298061,12.13,1516232517
"707",6,347,40.0013201,-83.0298421,13.5,1516232518
"708",6,348,40.0014387,-83.029876,13.5,1516232519
"709",5,349,40.0015767,-83.0299157,14.06,1516232520
"710",5,350,40.0017149,-83.0299503,13.84,1516232521
"711",5,352,40.0018361,-83.0299766,13.75,1516232522
"712",4,352,40.0019592,-83.0300004,13.24,1516232523
"713",4,352,40.0020796,-83.0300233,13.09,1516232524
"714",4,353,40.0021986,-83.0300411,13.16,1516232525
"715",4,352,40.002319,-83.0300614,13.77,1516232526
"716",4,352,40.0024372,-83.0300848,14.04,1516232527
"717",4,352,40.0025574,-83.0301095,14.08,1516232528
"718",4,352,40.0026877,-83.030138,14.13,1516232529
"719",4,352,40.0028215,-83.0301587,15.7,1516232530
"720",4,352,40.0029696,-83.0301936,17.6,1516232531
"721",4,352,40.003132,-83.0302241,18.26,1516232532
"722",4,352,40.0032931,-83.0302531,17.85,1516232533
"723",4,351,40.0034554,-83.0302726,17.74,1516232534
"724",3.9,350,40.0036207,-83.0303084,18.43,1516232535
"725",3.9,350,40.0037846,-83.0303433,18.43,1516232536
"726",3.9,350,40.0039731,-83.0303776,19.86,1516232537
"727",4,351,40.0041498,-83.0304135,19.85,1516232538
"728",3.9,350,40.0043223,-83.0304456,19.92,1516232539
"729",3.9,349,40.0045073,-83.0304911,20.83,1516232540
"730",4,349,40.0046916,-83.0305365,20.83,1516232541
"731",4,351,40.004892,-83.0305859,21.92,1516232542
"732",4,352,40.0050864,-83.0306216,22.05,1516232543
"733",3.9,352,40.0052952,-83.0306509,22.93,1516232544
"734",3.9,352,40.0055067,-83.0306826,23.48,1516232545
"735",4,352,40.0057127,-83.030719,23.19,1516232546
"736",3.9,352,40.0059203,-83.0307495,23.28,1516232547
"737",4,352,40.0061339,-83.0307824,23.1,1516232548
"738",4,352,40.006345,-83.0308164,22.75,1516232549
"739",4,352,40.0065401,-83.0308514,22.78,1516232550
"740",4,352,40.0067463,-83.030886,23.14,1516232551
"741",4,352,40.0069567,-83.0309162,23.85,1516232552
"742",4,352,40.007174,-83.0309528,23.9,1516232553
"743",4,351,40.0073944,-83.0309941,24.15,1516232554
"744",4,351,40.0076122,-83.0310309,24.25,1516232555
"745",4,351,40.0078282,-83.0310728,24.25,1516232556
"746",4,351,40.0080534,-83.031116,24.56,1516232557
"747",4,351,40.0082835,-83.0311565,24.66,1516232558
"748",4,351,40.0085096,-83.0312012,25.16,1516232559
"749",4,351,40.0087232,-83.0312504,24.64,1516232560
"750",5,351,40.0089424,-83.0312956,24.63,1516232561
"751",4,351,40.0091729,-83.031331,24.85,1516232562
"752",4,350,40.0093948,-83.0313799,24.77,1516232563
"753",4,350,40.0096114,-83.0314211,24.47,1516232564
"754",4,350,40.0098363,-83.031475,24.63,1516232565
"755",3.9,350,40.010053,-83.031529,25.15,1516232566
"756",4,349,40.0102801,-83.0315795,25.23,1516232567
"757",4,349,40.0104997,-83.0316314,25.21,1516232568
"758",4,348,40.0107292,-83.0316927,25.38,1516232569
"759",4,348,40.0109422,-83.0317483,25.48,1516232570
"760",4,348,40.0111652,-83.0318103,25.51,1516232571
"761",4,348,40.0113903,-83.0318696,25.5,1516232572
"762",4,348,40.0116108,-83.0319256,24.91,1516232573
"763",4,348,40.0118325,-83.0319766,24.64,1516232574
"764",4,347,40.0120466,-83.03204,24.42,1516232575
"765",4,348,40.0122616,-83.032099,24.4,1516232576
"766",4,348,40.0124782,-83.0321638,25.13,1516232577
"767",4,348,40.0127107,-83.032221,25.7,1516232578
"768",4,348,40.0129333,-83.0322812,25.5,1516232579
"769",4,348,40.0131582,-83.0323414,25.5,1516232580
"770",4,348,40.0133761,-83.032399,24.75,1516232581
"771",4,348,40.0135946,-83.0324577,24.34,1516232582
"772",4,348,40.013805,-83.0325115,23.93,1516232583
"773",4,348,40.0140161,-83.0325682,23.93,1516232584
"774",4,348,40.0141764,-83.0326145,22.46,1516232585
"775",4,348,40.0143745,-83.0326676,22.45,1516232586
"776",4,348,40.0145707,-83.03271,21.27,1516232587
"777",4,348,40.0147271,-83.0327622,20.31,1516232588
"778",4,348,40.0149117,-83.032809,20.01,1516232589
"779",4,348,40.0150881,-83.0328568,20,1516232590
"780",4,347,40.0152481,-83.0328955,19.22,1516232591
"781",4,347,40.0154065,-83.0329462,19.5,1516232592
"782",4,347,40.0155783,-83.0330069,19.47,1516232593
"783",3.9,346,40.015735,-83.0330615,18.85,1516232594
"784",4,346,40.0158994,-83.0331102,18.17,1516232595
"785",9,346,40.0160282,-83.0331555,17.02,1516232596
"786",9,346,40.0161725,-83.0332029,16.88,1516232597
"787",9,345,40.0162972,-83.033244,15.96,1516232598
"788",9,345,40.016435,-83.0332883,15.43,1516232599
"789",9,345,40.0165599,-83.0333432,14.33,1516232600
"790",9,345,40.0166799,-83.0333848,14.12,1516232601
"791",10,344,40.0167914,-83.0334151,14.01,1516232602
"792",10,344,40.0168984,-83.0334555,13.85,1516232603
"793",10,344,40.0170187,-83.0334987,13.35,1516232604
"794",10,344,40.0171324,-83.0335447,13.17,1516232605
"795",10,343,40.0172515,-83.0335896,13.37,1516232606
"796",11,343,40.0173672,-83.0336333,13.37,1516232607
"797",11,343,40.0175084,-83.0336802,14.68,1516232608
"798",10,343,40.01764,-83.0337237,14.91,1516232609
"799",10,343,40.0177736,-83.0337739,15.4,1516232610
"800",10,343,40.0179207,-83.0338305,16.07,1516232611
"801",10,343,40.0180627,-83.0338836,16.43,1516232612
"802",10,343,40.018207,-83.0339427,17.16,1516232613
"803",11,343,40.0183552,-83.0339998,17.16,1516232614
"804",10,343,40.018527,-83.0340652,17.75,1516232615
"805",10,343,40.0186772,-83.0341188,18.31,1516232616
"806",10,343,40.0188371,-83.0341871,18.65,1516232617
"807",10,343,40.0189972,-83.0342496,18.64,1516232618
"808",10,343,40.0191634,-83.0343134,19.04,1516232619
"809",10,343,40.0193427,-83.0343791,19.69,1516232620
"810",10,343,40.0195124,-83.0344458,19.68,1516232621
"811",10,343,40.0196932,-83.0345253,20.36,1516232622
"812",10,342,40.0198774,-83.0345987,20.5,1516232623
"813",10,342,40.020054,-83.0346691,20.5,1516232624
"814",9,343,40.0202428,-83.0347326,21.39,1516232625
"815",10,343,40.0204271,-83.0348052,21.38,1516232626
"816",10,343,40.0206314,-83.034874,22.27,1516232627
"817",10,343,40.0208235,-83.0349487,22.27,1516232628
"818",10,343,40.0210241,-83.0350099,22.56,1516232629
"819",10,343,40.021219,-83.0350843,22.55,1516232630
"820",9,344,40.0214567,-83.035173,24.11,1516232631
"821",9,344,40.0216725,-83.0352592,24.64,1516232632
"822",9,344,40.021868,-83.0353286,24.59,1516232633
"823",9,345,40.0220937,-83.0354047,25.06,1516232634
"824",10,345,40.0222963,-83.0354585,25.23,1516232635
"825",9,346,40.022509,-83.0355324,25.5,1516232636
"826",9,346,40.0227247,-83.0355935,25.37,1516232637
"827",9,347,40.0229648,-83.0356646,25.48,1516232638
"828",9,347,40.0231842,-83.0357298,25.29,1516232639
"829",9,347,40.0234018,-83.0357928,25.08,1516232640
"830",9,347,40.02363,-83.0358653,25.07,1516232641
"831",9,348,40.0238503,-83.0359325,25.55,1516232642
"832",9,348,40.0240743,-83.0359907,25.54,1516232643
"833",9,348,40.024313,-83.0360538,25.45,1516232644
"834",9,348,40.0245283,-83.0361168,25.23,1516232645
"835",10,349,40.0247508,-83.0361729,25.19,1516232646
"836",9,350,40.0249674,-83.0362331,24.67,1516232647
"837",4,351,40.025195,-83.0362764,24.37,1516232648
"838",4,354,40.0254256,-83.0363087,24.74,1516232649
"839",4,357,40.0256542,-83.0363323,24.51,1516232650
"840",4,1,40.0258747,-83.0363309,24.87,1516232651
"841",4,5,40.0261,-83.0363063,25.55,1516232652
"842",5,9,40.0263583,-83.0362695,26.07,1516232653
"843",4,13,40.0265796,-83.0362076,26.54,1516232654
"844",4,18,40.0268112,-83.0361419,25.91,1516232655
"845",4,22,40.0270338,-83.0360359,25.52,1516232656
"846",4,27,40.0272332,-83.035906,25.46,1516232657
"847",4,31,40.0274309,-83.0357542,25.56,1516232658
"848",5,34,40.0276207,-83.0355877,25.66,1516232659
"849",5,37,40.0278078,-83.0354116,25.62,1516232660
"850",4,43,40.0279808,-83.0352049,26.06,1516232661
"851",4,49,40.02814,-83.0349877,25.8,1516232662
"852",4,53,40.0282695,-83.0347526,25.89,1516232663
"853",5,56,40.0284063,-83.0345074,25.84,1516232664
"854",4,60,40.0285238,-83.0342449,26.17,1516232665
"855",4,62,40.0286315,-83.033967,26.32,1516232666
"856",5,64,40.0287351,-83.0337132,25.05,1516232667
"857",5,64,40.0288352,-83.0334475,25.64,1516232668
"858",5,64,40.0289553,-83.0332211,25.68,1516232669
"859",5,64,40.0290693,-83.0329372,26.33,1516232670
"860",4,63,40.0291808,-83.0326777,26.27,1516232671
"861",5,63,40.0292938,-83.0324045,26.48,1516232672
"862",5,62,40.0294028,-83.0321257,26.7,1516232673
"863",5,61,40.0295154,-83.0318492,26.7,1516232674
"864",5,60,40.0296341,-83.0315619,26.78,1516232675
"865",5,59,40.0297501,-83.0312864,26.19,1516232676
"866",5,58,40.0298728,-83.0310292,25.5,1516232677
"867",5,57,40.0299958,-83.0307876,25.08,1516232678
"868",4,55,40.0301247,-83.0305509,24.62,1516232679
"869",4,54,40.0302497,-83.0303114,24.11,1516232680
"870",4,52,40.0303771,-83.0300842,24.03,1516232681
"871",4,50,40.0305072,-83.0298648,24.07,1516232682
"872",5,49,40.030646,-83.0296429,24.21,1516232683
"873",6,49,40.0307849,-83.0294259,24.33,1516232684
"874",6,42,40.0309548,-83.0292344,24.81,1516232685
"875",6,40,40.0311257,-83.0290365,25.08,1516232686
"876",8,37,40.0313028,-83.0288507,25.44,1516232687
"877",5,35,40.0314737,-83.0286575,24.42,1516232688
"878",6,33,40.0316509,-83.028486,24.3,1516232689
"879",5,26,40.0318808,-83.0283514,25.25,1516232690
"880",4,22,40.0320752,-83.0282373,25.85,1516232691
"881",4,19,40.0323079,-83.0281187,26.24,1516232692
"882",4,15,40.0325393,-83.0280418,26.65,1516232693
"883",4,12,40.0327641,-83.0279644,26.29,1516232694
"884",4,8,40.0330039,-83.0279239,26.61,1516232695
"885",3.9,5,40.0332348,-83.0278697,26.81,1516232696
"886",4,2,40.0334801,-83.0278412,27.1,1516232697
"887",5,359,40.0337257,-83.0278338,27.47,1516232698
"888",4,353,40.0339563,-83.027862,27,1516232699
"889",3.9,352,40.034196,-83.0278969,27.22,1516232700
"890",3.9,349,40.0344366,-83.0279533,26.89,1516232701
"891",3.9,344,40.034672,-83.0280373,27.16,1516232702
"892",3.9,340,40.0349068,-83.0281342,27.56,1516232703
"893",3.9,338,40.0351331,-83.0282447,27.32,1516232704
"894",3.9,335,40.0353603,-83.0283696,27.45,1516232705
"895",3.9,335,40.0355802,-83.0285016,27.9,1516232706
"896",4,335,40.0358071,-83.0286376,28.46,1516232707
"897",4,335,40.0360373,-83.0287817,28.58,1516232708
"898",4,335,40.0362786,-83.0289182,28.34,1516232709
"899",4,334,40.036516,-83.0290522,NA,1516232710
"900",50,334,40.0367382,-83.0291755,0,1516232711
"901",50,334,40.0369739,-83.0293253,0,1516232712
"902",50,334,40.0371854,-83.0294507,0,1516232713
"903",50,334,40.0374103,-83.0295984,0,1516232714
"904",50,335,40.0376415,-83.0297402,0,1516232715
"905",50,335,40.0378836,-83.0298737,0,1516232716
"906",50,335,40.0381285,-83.0300182,0,1516232717
"907",50,335,40.0383781,-83.0301667,0,1516232718
"908",50,334,40.0386222,-83.0303049,0,1516232719
"909",50,334,40.0388736,-83.0304669,0,1516232720
"910",50,334,40.0391131,-83.0306179,0,1516232721
"911",50,335,40.0393562,-83.0307701,0,1516232722
"912",50,335,40.0396012,-83.0309262,0,1516232723
"913",50,334,40.0398557,-83.0310831,0,1516232724
"914",50,334,40.0401051,-83.0312367,0,1516232725
"915",50,334,40.0403565,-83.031395,0,1516232726
"916",50,334,40.0405952,-83.0315479,0,1516232727
"917",50,334,40.0408529,-83.0316996,0,1516232728
"918",50,334,40.0411069,-83.0318562,0,1516232729
"919",50,335,40.0413668,-83.03201,0,1516232730
"920",50,335,40.041636,-83.0321594,0,1516232731
"921",50,335,40.0418999,-83.0323097,0,1516232732
"922",50,336,40.0421589,-83.0324589,0,1516232733
"923",50,337,40.0424282,-83.0326123,0,1516232734
"924",50,339,40.0427037,-83.0327534,0,1516232735
"925",50,341,40.0429651,-83.0328747,0,1516232736
"926",50,344,40.043243,-83.0329791,0,1516232737
"927",50,347,40.0435276,-83.0330726,0,1516232738
"928",50,349,40.0438116,-83.0331475,0,1516232739
"929",50,352,40.0440878,-83.0331977,0,1516232740
"930",50,355,40.0443857,-83.0332431,0,1516232741
"931",50,356,40.0446755,-83.0332772,0,1516232742
"932",50,357,40.0449585,-83.0333027,0,1516232743
"933",50,357,40.0452379,-83.0333267,0,1516232744
"934",50,357,40.0455157,-83.0333465,0,1516232745
"935",50,357,40.0458006,-83.0333497,0,1516232746
"936",50,358,40.0460776,-83.0333614,0,1516232747
"937",50,359,40.0463572,-83.033375,0,1516232748
"938",50,359,40.0466295,-83.0333883,0,1516232749
"939",50,358,40.0469125,-83.0334029,0,1516232750
"940",50,357,40.047179,-83.0334083,0,1516232751
"941",50,357,40.0474572,-83.0334228,0,1516232752
"942",50,357,40.0477286,-83.0334353,0,1516232753
"943",50,359,40.0479667,-83.0334522,0,1516232754
"944",50,0,40.0482196,-83.0334399,0,1516232755
"945",50,2,40.0484598,-83.0334365,0,1516232756
"946",50,4,40.0487035,-83.0334178,0,1516232757
"947",50,5,40.0489393,-83.0333931,0,1516232758
"948",50,5,40.0491787,-83.0333668,0,1516232759
"949",50,5,40.0494307,-83.0333314,0,1516232760
"950",50,7,40.049679,-83.0332918,0,1516232761
"951",4,8,40.0499277,-83.0332392,27.64,1516232762
"952",4,9,40.050153,-83.0331818,26.26,1516232763
"953",4,10,40.0503806,-83.0331254,25.27,1516232764
"954",4,12,40.0506011,-83.0330647,24.69,1516232765
"955",4,13,40.0508215,-83.0329951,24.57,1516232766
"956",4,14,40.0510291,-83.0329363,22.4,1516232767
"957",4,15,40.0512239,-83.0328762,21.07,1516232768
"958",4,16,40.0514059,-83.0328011,20.89,1516232769
"959",4,17,40.0515624,-83.0327276,20.98,1516232770
"960",4,18,40.0517328,-83.0326487,21.78,1516232771
"961",4,18,40.051932,-83.0325766,22.44,1516232772
"962",4,18,40.0521322,-83.032502,22.73,1516232773
"963",4,17,40.0523352,-83.0324243,23,1516232774
"964",3.9,18,40.0525328,-83.0323312,23.75,1516232775
"965",3.9,18,40.0527403,-83.0322399,24.66,1516232776
"966",3.9,18,40.052956,-83.0321438,25.24,1516232777
"967",3.9,18,40.0531762,-83.0320466,25.91,1516232778
"968",4,18,40.053405,-83.0319475,26.97,1516232779
"969",3.9,18,40.0536412,-83.0318426,27.57,1516232780
"970",3.9,17,40.0538665,-83.0317384,27.29,1516232781
"971",3.9,17,40.0541052,-83.0316463,27.17,1516232782
"972",3.9,18,40.0543352,-83.0315488,27.44,1516232783
"973",3.9,18,40.0545682,-83.0314475,26.86,1516232784
"974",3.9,18,40.0547939,-83.0313437,26.53,1516232785
"975",3.9,18,40.0550111,-83.0312486,25.11,1516232786
"976",3.9,18,40.0552195,-83.0311604,23.67,1516232787
"977",3.9,17,40.0554175,-83.0310741,22.66,1516232788
"978",3.9,17,40.0556074,-83.0309938,22.13,1516232789
"979",4,17,40.0557952,-83.0309092,21.77,1516232790
"980",4,16,40.05598,-83.0308332,21.24,1516232791
"981",4,15,40.0561634,-83.0307608,20.99,1516232792
"982",4,13,40.0563428,-83.0307101,21.02,1516232793
"983",4,11,40.056528,-83.0306587,21.03,1516232794
"984",4,10,40.0567369,-83.0306372,21.47,1516232795
"985",4,9,40.0569218,-83.030599,21.43,1516232796
"986",3.9,7,40.0571087,-83.0305594,21.45,1516232797
"987",3.9,5,40.0572955,-83.0305188,21.37,1516232798
"988",3.9,4,40.0574723,-83.030487,20.99,1516232799
"989",3.9,4,40.0576647,-83.0304625,21.36,1516232800
"990",3.9,4,40.0578569,-83.0304425,21.1,1516232801
"991",3,3,40.0580437,-83.0304213,20.94,1516232802
"992",3.9,2,40.0582135,-83.0304117,20.87,1516232803
"993",3.9,1,40.058399,-83.0304094,20.61,1516232804
"994",4,0,40.0585912,-83.030409,20.52,1516232805
"995",4,359,40.058768,-83.0304137,20.26,1516232806
"996",4,358,40.0589423,-83.0304149,20.27,1516232807
"997",4,359,40.0591229,-83.0304213,19.95,1516232808
"998",4,359,40.0593041,-83.0304249,19.86,1516232809
"999",4,0,40.0594988,-83.0304137,20.34,1516232810
"1000",4,1,40.0596917,-83.0304137,20.67,1516232811
"1001",4,1,40.0598853,-83.0304059,20.19,1516232812
"1002",3.9,1,40.0600654,-83.030406,19.93,1516232813
"1003",3.9,1,40.0602396,-83.0303975,19.41,1516232814
"1004",3.9,1,40.0604093,-83.0303897,19.08,1516232815
"1005",3.9,1,40.0605802,-83.0303841,18.97,1516232816
"1006",4,0,40.0607516,-83.0303799,18.54,1516232817
"1007",4,358,40.060906,-83.0303836,18.12,1516232818
"1008",4,356,40.0610726,-83.0303945,18.34,1516232819
"1009",4,354,40.0612323,-83.0304108,17.89,1516232820
"1010",4,352,40.0613813,-83.0304395,17.09,1516232821
"1011",4,352,40.0615389,-83.0304655,16.74,1516232822
"1012",4,351,40.0616887,-83.0304976,16.58,1516232823
"1013",4,350,40.0618327,-83.0305284,16.86,1516232824
"1014",4,349,40.0619833,-83.0305627,17.08,1516232825
"1015",4,348,40.0621507,-83.0306058,18.11,1516232826
"1016",4,348,40.0623145,-83.0306439,17.38,1516232827
"1017",4,346,40.0624436,-83.0306834,14.97,1516232828
"1018",3.9,347,40.0625592,-83.0307181,13.24,1516232829
"1019",3.9,346,40.0626687,-83.0307594,11.15,1516232830
"1020",3.9,346,40.0627486,-83.0307878,9.48,1516232831
"1021",3.9,345,40.062818,-83.0308104,7.37,1516232832
"1022",3.9,346,40.06287,-83.0308154,4.81,1516232833
"1023",4,345,40.062912,-83.0308289,4.8,1516232834
"1024",4,345,40.0629125,-83.030817,1.04,1516232835
"1025",4,0,40.0629125,-83.03082,0,1516232836
"1026",5,0,40.062904,-83.0308293,0,1516232837
"1027",5,0,40.0629015,-83.0308276,0,1516232838
"1028",5,0,40.0629015,-83.0308277,0,1516232839
"1029",5,0,40.0628881,-83.0308231,0,1516232840
"1030",5,0,40.0628865,-83.0308233,0,1516232841
"1031",5,0,40.0628865,-83.0308233,0,1516232842
"1032",5,0,40.062885,-83.0308228,0,1516232843
"1033",5,0,40.0628889,-83.030828,0,1516232846
"1034",5,0,40.0628902,-83.0308295,0,1516232847
"1035",5,0,40.062891,-83.03083,0,1516232848
"1036",4,0,40.0628938,-83.0308304,0,1516232849
"1037",5,0,40.0628963,-83.0308304,0,1516232850
"1038",4,0,40.0628939,-83.0308305,0,1516232851
"1039",4,0,40.0628929,-83.0308305,0,1516232852
"1040",4,0,40.0628938,-83.0308301,0,1516232853
"1041",4,0,40.0628947,-83.0308301,0,1516232854
"1042",4,0,40.0628969,-83.0308298,0,1516232855
"1043",4,0,40.0628979,-83.03083,0,1516232856
"1044",4,0,40.0628994,-83.0308299,0,1516232857
"1045",3,0,40.0628992,-83.0308303,0,1516232858
"1046",3.9,0,40.0628991,-83.0308303,0,1516232859
"1047",3.9,0,40.062899,-83.0308302,0,1516232860
"1048",3.9,0,40.0628989,-83.03083,0,1516232861
"1049",3.9,0,40.062899,-83.0308301,0,1516232862
"1050",3.9,0,40.0628989,-83.03083,0,1516232863
"1051",3.9,0,40.062899,-83.0308301,0,1516232865
"1052",3.9,0,40.0628992,-83.0308301,0,1516232866
"1053",4,0,40.0628996,-83.03083,0,1516232867
"1054",4,0,40.0628996,-83.03083,0,1516232868
"1055",4,0,40.0628996,-83.03083,0,1516232869
"1056",4,0,40.0628996,-83.0308301,0,1516232870
"1057",4,0,40.0628997,-83.0308301,0,1516232871
"1058",4,0,40.0628997,-83.0308301,0,1516232872
"1059",4,0,40.0628999,-83.0308302,0,1516232873
"1060",4,0,40.0628999,-83.0308301,0,1516232874
"1061",4,346,40.0629108,-83.0308299,2.29,1516232875
"1062",4,341,40.0629354,-83.030841,3.11,1516232876
"1063",3.9,334,40.0629922,-83.030867,6.25,1516232877
"1064",3.9,321,40.0630441,-83.0309008,6.73,1516232878
"1065",3.9,313,40.0630901,-83.030958,6.87,1516232879
"1066",3.9,282,40.0631081,-83.0310388,8.11,1516232880
"1067",3.9,272,40.0631231,-83.0311423,9.19,1516232881
"1068",3.9,270,40.0631332,-83.0312604,10.35,1516232882
"1069",3.9,269,40.0631324,-83.0314006,12.64,1516232883
"1070",3.9,269,40.0631433,-83.0315545,13.59,1516232884
"1071",3.9,269,40.0631404,-83.0317267,14.91,1516232885
"1072",3.9,269,40.0631416,-83.0319294,16.58,1516232886
"1073",3.9,270,40.063149,-83.0321307,17.3,1516232887
"1074",3.9,270,40.0631513,-83.032331,17.69,1516232888
"1075",3.9,270,40.0631553,-83.0325314,18.32,1516232889
"1076",3.9,269,40.0631521,-83.032751,18.87,1516232890
"1077",3.9,269,40.0631503,-83.0329867,19.27,1516232891
"1078",3.9,270,40.0631553,-83.0332221,19.65,1516232892
"1079",3.9,270,40.0631636,-83.0334594,19.7,1516232893
"1080",3.9,270,40.0631572,-83.0336749,19.6,1516232894
"1081",3.9,268,40.063158,-83.0338971,19.61,1516232895
"1082",3.9,266,40.0631488,-83.0341296,19.6,1516232896
"1083",3.9,267,40.0631399,-83.0343652,19.73,1516232897
"1084",3.9,268,40.0631278,-83.0345872,19.27,1516232898
"1085",3.9,269,40.0631282,-83.0347898,18.75,1516232899
"1086",3.9,270,40.0631269,-83.0349974,18.22,1516232900
"1087",3.9,270,40.0631283,-83.0352073,17.83,1516232901
"1088",3.9,271,40.0631364,-83.0354112,17.24,1516232902
"1089",3.9,270,40.0631264,-83.0356094,16.77,1516232903
"1090",3.9,269,40.0631282,-83.0357955,16.28,1516232904
"1091",3.9,269,40.0631245,-83.0359873,15.8,1516232905
"1092",3.9,269,40.0631273,-83.0361719,15.25,1516232906
"1093",3.9,269,40.0631249,-83.0363501,14.11,1516232907
"1094",3.9,269,40.0631228,-83.0365072,12.88,1516232908
"1095",3,269,40.063118,-83.0366458,11.26,1516232909
"1096",3.9,269,40.0631192,-83.0367688,9.6,1516232910
"1097",3.9,270,40.063127,-83.0368659,8.22,1516232911
"1098",3.9,270,40.0631366,-83.0369477,6.29,1516232912
"1099",3.9,271,40.0631487,-83.0370068,4.55,1516232913
"1100",3.9,271,40.0631438,-83.0370498,2.9,1516232914
"1101",3.9,271,40.0631479,-83.0370747,1.77,1516232915
"1102",3.9,0,40.0631524,-83.0370812,0,1516232916
"1103",4,0,40.0631526,-83.0370847,0,1516232917
"1104",3.9,0,40.0631512,-83.0370906,0,1516232918
"1105",3.9,0,40.063153,-83.0370924,0,1516232919
"1106",4,0,40.0631565,-83.0370863,0,1516232920
"1107",4,0,40.0631565,-83.0370863,0,1516232921
"1108",4,0,40.0631575,-83.0370865,0,1516232922
"1109",4,0,40.0631554,-83.0370888,0,1516232923
"1110",4,0,40.0631544,-83.0370916,0,1516232924
"1111",3,0,40.0631547,-83.0370947,0,1516232925
"1112",3.9,0,40.0631544,-83.0370957,0,1516232926
"1113",4,0,40.0631534,-83.0370961,0,1516232927
"1114",4,0,40.0631534,-83.0370966,0,1516232928
"1115",4,0,40.0631534,-83.0370966,0,1516232929
"1116",3.9,0,40.0631519,-83.0370965,0,1516232930
"1117",4,0,40.0631519,-83.0370965,0,1516232931
"1118",4,0,40.0631519,-83.0370965,0,1516232932
"1119",4,0,40.0631519,-83.0370965,0,1516232933
"1120",4,0,40.0631518,-83.0370966,0,1516232934
"1121",4,0,40.0631518,-83.0370966,0,1516232935
"1122",4,0,40.0631518,-83.0370966,0,1516232936
"1123",3.9,0,40.0631518,-83.0370966,0,1516232937
"1124",3.9,0,40.0631518,-83.0370966,0,1516232938
"1125",3.9,0,40.0631518,-83.0370966,0,1516232939
"1126",3,0,40.0631518,-83.0370967,0,1516232940
"1127",3.9,0,40.0631518,-83.0370967,0,1516232941
"1128",3.9,0,40.0631517,-83.0370967,0,1516232942
"1129",3.9,0,40.0631517,-83.0370968,0,1516232943
"1130",3.9,0,40.0631517,-83.0370968,0,1516232944
"1131",3.9,0,40.0631517,-83.0370968,0,1516232945
"1132",3.9,0,40.0631516,-83.0370968,0,1516232946
"1133",3.9,0,40.0631516,-83.0370969,0,1516232947
"1134",3.9,0,40.0631516,-83.0370969,0,1516232948
"1135",3.9,0,40.0631516,-83.037097,0,1516232949
"1136",3.9,0,40.0631516,-83.037097,0,1516232950
"1137",3.9,0,40.0631516,-83.0370971,0,1516232951
"1138",3.9,0,40.0631516,-83.0370971,0,1516232952
"1139",3.9,0,40.0631516,-83.0370972,0,1516232953
"1140",3.9,0,40.0631516,-83.0370972,0,1516232954
"1141",3.9,0,40.0631516,-83.0370972,0,1516232955
"1142",3.9,272,40.0631462,-83.0371167,1.64,1516232956
"1143",3.9,271,40.0631474,-83.0371557,4.21,1516232957
"1144",3.9,271,40.0631481,-83.0372187,6.12,1516232958
"1145",3.9,271,40.0631467,-83.037305,7.64,1516232959
"1146",3.9,270,40.0631506,-83.0374058,8.85,1516232960
"1147",3.9,270,40.0631512,-83.0375218,10.03,1516232961
"1148",3.9,271,40.0631537,-83.0376486,11.02,1516232962
"1149",3.9,271,40.0631594,-83.0377851,11.91,1516232963
"1150",3.9,271,40.0631632,-83.0379335,13,1516232964
"1151",3.9,272,40.0631655,-83.0380959,14,1516232965
"1152",3.9,272,40.0631675,-83.0382607,13.85,1516232966
"1153",3.9,272,40.0631792,-83.0384254,13.71,1516232967
"1154",3.9,272,40.0631878,-83.0385856,14.43,1516232968
"1155",3.9,272,40.0631949,-83.0387601,14.71,1516232969
"1156",3.9,272,40.0632023,-83.0389422,15.46,1516232970
"1157",3.9,272,40.0632047,-83.0391216,15.28,1516232971
"1158",3.9,272,40.063207,-83.0393057,15.58,1516232972
"1159",3.9,272,40.063213,-83.0394882,15.58,1516232973
"1160",3.9,271,40.0632205,-83.0396857,16.88,1516232974
"1161",3.9,271,40.0632235,-83.0398968,18,1516232975
"1162",3.9,272,40.0632284,-83.0401167,18.82,1516232976
"1163",3.9,272,40.0632341,-83.0403487,19.38,1516232977
"1164",3.9,272,40.0632479,-83.0405781,19.77,1516232978
"1165",3.9,272,40.0632559,-83.0408097,19.77,1516232979
"1166",3.9,272,40.0632617,-83.0410441,19.77,1516232980
"1167",3.9,272,40.0632695,-83.0412722,19.04,1516232981
"1168",3.9,272,40.0632847,-83.0414932,18.76,1516232982
"1169",4,272,40.0633017,-83.0416966,18.89,1516232983
"1170",4,272,40.0633044,-83.0419211,19.13,1516232984
"1171",4,272,40.0633122,-83.0421481,19.1,1516232985
"1172",4,271,40.0633117,-83.0423726,18.91,1516232986
"1173",4,272,40.0633153,-83.0425964,19.06,1516232987
"1174",4,272,40.0633178,-83.0428251,19.58,1516232988
"1175",4,272,40.0633225,-83.0430522,19.78,1516232989
"1176",4,273,40.063331,-83.0432894,19.63,1516232990
"1177",3.9,272,40.0633435,-83.0435183,19.71,1516232991
"1178",4,273,40.0633485,-83.043762,20.29,1516232992
"1179",3.9,272,40.0633541,-83.0440039,20.66,1516232993
"1180",3.9,272,40.0633608,-83.0442479,20.67,1516232994
"1181",3.9,272,40.0633707,-83.0444959,20.93,1516232995
"1182",3.9,272,40.0633796,-83.0447465,20.97,1516232996
"1183",3.9,272,40.0633857,-83.0449986,21.24,1516232997
"1184",3,272,40.0633997,-83.0452458,21.25,1516232998
"1185",3.9,272,40.0634094,-83.0454956,21.1,1516232999
"1186",3.9,272,40.0634216,-83.0457405,20.82,1516233000
"1187",3.9,272,40.0634283,-83.0459841,20.59,1516233001
"1188",3.9,272,40.0634334,-83.0462217,20.21,1516233002
"1189",3.9,272,40.0634417,-83.0464583,20.21,1516233003
"1190",3.9,272,40.063445,-83.0466882,19.36,1516233004
"1191",3.9,272,40.063452,-83.0469053,18.45,1516233005
"1192",3.9,272,40.0634579,-83.0471214,18.13,1516233006
"1193",3.9,272,40.0634651,-83.0473338,18.13,1516233007
"1194",3.9,272,40.0634626,-83.0475352,17.55,1516233008
"1195",3.9,272,40.0634685,-83.0477408,17.55,1516233009
"1196",3.9,272,40.0634734,-83.0479536,17.67,1516233010
"1197",3.9,272,40.0634798,-83.0481606,17.67,1516233011
"1198",3.9,272,40.063485,-83.0483735,18.13,1516233012
"1199",3.9,272,40.063493,-83.0485864,18.3,1516233013
"1200",3.9,272,40.0635005,-83.0487981,18.62,1516233014
"1201",3.9,272,40.0635132,-83.049023,18.43,1516233015
"1202",3.9,272,40.0635158,-83.04924,18.21,1516233016
"1203",3.9,272,40.0635282,-83.0494581,18.49,1516233017
"1204",3.9,272,40.0635406,-83.0496748,18.31,1516233018
"1205",3,272,40.0635445,-83.0498833,17.8,1516233019
"1206",3.9,272,40.0635553,-83.0500803,17.18,1516233020
"1207",3.9,272,40.0635613,-83.0502779,16.42,1516233021
"1208",3.9,272,40.0635698,-83.0504676,15.92,1516233022
"1209",3.9,272,40.0635753,-83.050654,15.92,1516233023
"1210",3.9,272,40.0635721,-83.0508316,15.4,1516233024
"1211",3.9,272,40.0635775,-83.0510203,16.11,1516233025
"1212",3.9,272,40.0635851,-83.0512115,15.71,1516233026
"1213",3.9,272,40.0635969,-83.0513943,15.04,1516233027
"1214",3.9,273,40.0636026,-83.0515764,14.99,1516233028
"1215",3.9,272,40.0636082,-83.0517405,15.52,1516233029
"1216",3.9,272,40.0636147,-83.0519241,16.02,1516233030
"1217",3.9,271,40.0636142,-83.0521207,16.87,1516233031
"1218",3.9,272,40.0636195,-83.0523187,17.17,1516233032
"1219",3.9,272,40.0636302,-83.0525192,17.24,1516233033
"1220",3.9,272,40.0636341,-83.0527234,17.53,1516233034
"1221",3.9,272,40.0636392,-83.0529316,17.74,1516233035
"1222",3.9,273,40.0636557,-83.0531357,17.92,1516233036
"1223",3.9,272,40.0636678,-83.0533462,17.47,1516233037
"1224",3.9,272,40.0636807,-83.0535478,16.93,1516233038
"1225",3.9,273,40.0636841,-83.0537586,17.07,1516233039
"1226",3.9,272,40.0636872,-83.0539603,17.01,1516233040
"1227",3.9,272,40.0636972,-83.0541537,16.6,1516233041
"1228",3.9,273,40.0637047,-83.0543481,16.6,1516233042
"1229",3,274,40.0637109,-83.0545178,15.66,1516233043
"1230",3.9,275,40.0637267,-83.0546873,14.96,1516233044
"1231",3.9,275,40.0637407,-83.054865,14.43,1516233045
"1232",3.9,274,40.063766,-83.0550239,14.04,1516233046
"1233",3.9,273,40.0637752,-83.0551874,13.69,1516233047
"1234",3.9,273,40.063781,-83.0553546,13.29,1516233048
"1235",3.9,273,40.0637874,-83.0555112,12.96,1516233049
"1236",3.9,273,40.0637912,-83.0556456,11.55,1516233050
"1237",3.9,274,40.0638028,-83.0557714,10.48,1516233051
"1238",3.9,274,40.063805,-83.0558909,9.92,1516233052
"1239",3.9,274,40.0638117,-83.0559943,8.88,1516233053
"1240",3.9,274,40.0638139,-83.0560935,8.26,1516233054
"1241",3.9,274,40.0638202,-83.0561721,7.62,1516233055
"1242",3.9,273,40.0638178,-83.0562663,6.9,1516233056
"1243",3.9,273,40.0638232,-83.0563428,5.89,1516233057
"1244",3.9,273,40.0638118,-83.0563648,4.4,1516233058
"1245",3.9,273,40.0638227,-83.056362,3.17,1516233059
"1246",3.9,269,40.0638332,-83.05638,1.89,1516233060
"1247",4,276,40.0638336,-83.0564156,1.29,1516233061
"1248",4,272,40.0638285,-83.0564171,0.39,1516233062
"1249",5,276,40.0638289,-83.0564217,0.39,1516233063
"1250",6,0,40.0638209,-83.0564236,0,1516233064
"1251",6,0,40.0638175,-83.0564235,0,1516233065
"1252",6,0,40.0638102,-83.0564246,0,1516233066
"1253",6,0,40.0638121,-83.0564236,0,1516233067
"1254",6,0,40.0638087,-83.0564219,0,1516233068
"1255",6,0,40.0638097,-83.0564215,0,1516233069
"1256",6,0,40.0638145,-83.05642,0,1516233070
"1257",6,0,40.0638165,-83.0564217,0,1516233071
"1258",5,0,40.0638162,-83.0564265,0,1516233072
"1259",5,0,40.0638158,-83.0564294,0,1516233073
"1260",5,0,40.0638142,-83.0564335,0,1516233074
"1261",5,0,40.0638143,-83.056433,0,1516233075
"1262",5,0,40.0638144,-83.0564339,0,1516233076
"1263",5,0,40.0638142,-83.0564343,0,1516233077
"1264",5,0,40.0638143,-83.0564344,0,1516233078
"1265",5,0,40.0638148,-83.0564344,0,1516233079
"1266",5,0,40.0638148,-83.0564344,0,1516233080
"1267",5,0,40.0638148,-83.0564344,0,1516233081
"1268",4,0,40.063813,-83.0564355,0,1516233082
"1269",5,0,40.063813,-83.0564355,0,1516233083
"1270",5,0,40.063814,-83.0564358,0,1516233084
"1271",5,0,40.063814,-83.0564358,0,1516233085
"1272",4,0,40.0638175,-83.0564344,0,1516233086
"1273",4,0,40.0638175,-83.0564344,0,1516233087
"1274",4,0,40.0638163,-83.0564358,0,1516233088
"1275",3.9,0,40.0638164,-83.0564358,0,1516233089
"1276",3.9,0,40.0638161,-83.0564366,0,1516233090
"1277",3.9,0,40.0638162,-83.0564367,0,1516233091
"1278",3.9,0,40.0638162,-83.0564367,0,1516233092
"1279",3.9,0,40.0638163,-83.0564368,0,1516233093
"1280",3.9,0,40.0638166,-83.0564367,0,1516233094
"1281",3.9,0,40.0638166,-83.0564367,0,1516233095
"1282",3.9,0,40.0638167,-83.0564368,0,1516233096
"1283",3.9,0,40.0638166,-83.0564368,0,1516233097
"1284",3.9,0,40.0638166,-83.0564369,0,1516233098
"1285",3.9,0,40.0638166,-83.0564369,0,1516233099
"1286",3.9,0,40.0638166,-83.0564369,0,1516233100
"1287",3.9,0,40.0638166,-83.056437,0,1516233101
"1288",3.9,0,40.0638166,-83.056437,0,1516233102
"1289",3.9,0,40.0638166,-83.056437,0,1516233103
"1290",3.9,0,40.0638166,-83.0564371,0,1516233104
"1291",3.9,0,40.0638166,-83.0564371,0,1516233105
"1292",3.9,0,40.0638165,-83.0564371,0,1516233106
"1293",3.9,0,40.0638166,-83.0564372,0,1516233107
"1294",3.9,0,40.0638166,-83.0564372,0,1516233108
"1295",3,0,40.0638166,-83.0564372,0,1516233109
"1296",3,0,40.0638166,-83.0564372,0,1516233110
"1297",3,0,40.0638166,-83.0564373,0,1516233111
"1298",3.9,269,40.0638168,-83.0564561,4.03,1516233112
"1299",3.9,272,40.0638401,-83.0565142,5.08,1516233113
"1300",3.9,273,40.0638424,-83.0565913,6.5,1516233114
"1301",3.9,272,40.0638433,-83.0566749,6.87,1516233115
"1302",3.9,272,40.0638427,-83.0567587,6.51,1516233116
"1303",3.9,271,40.0638368,-83.0568332,6.19,1516233117
"1304",3.9,271,40.063838,-83.0569048,5.86,1516233118
"1305",3.9,271,40.0638353,-83.0569819,6.44,1516233119
"1306",3.9,274,40.0638421,-83.0570755,8.43,1516233120
"1307",3.9,275,40.0638503,-83.0571869,9.78,1516233121
"1308",3.9,277,40.0638647,-83.0573038,10.47,1516233122
"1309",4,275,40.0638754,-83.0574256,10.46,1516233123
"1310",3.9,274,40.063878,-83.0575576,10.15,1516233124
"1311",3.9,275,40.0638865,-83.0576783,9.97,1516233125
"1312",3.9,275,40.0638889,-83.0577949,9.51,1516233126
"1313",3.9,275,40.0639014,-83.0578851,8.5,1516233127
"1314",3.9,275,40.063903,-83.0579825,7.41,1516233128
"1315",3.9,277,40.0639086,-83.0580522,5.72,1516233129
"1316",4,292,40.0639212,-83.0581283,4.22,1516233130
"1317",3.9,312,40.0639471,-83.0581629,3.8,1516233131
"1318",4,330,40.0639716,-83.0581942,3.82,1516233132
"1319",4,352,40.0639945,-83.0582289,3.55,1516233133
"1320",3.9,1,40.0640268,-83.0582323,3.74,1516233134
"1321",3.9,2,40.0640681,-83.0582328,4.24,1516233135
"1322",3.9,3,40.0640994,-83.0582303,4.56,1516233136
"1323",3.9,5,40.0641412,-83.0582309,5.03,1516233137
"1324",3.9,4,40.0641945,-83.0582309,6,1516233138
"1325",3.9,5,40.0642638,-83.0582149,6.55,1516233139
"1326",3.9,5,40.0643152,-83.0582047,6.47,1516233140
"1327",3.9,5,40.0643708,-83.0581999,6.91,1516233141
"1328",3.9,4,40.0644271,-83.0581998,7.12,1516233142
"1329",3.9,3,40.0644886,-83.0581959,7.08,1516233143
"1330",3.9,4,40.0645587,-83.0581897,6.89,1516233144
"1331",4,4,40.0646206,-83.058183,6.9,1516233145
"1332",3.9,4,40.0646684,-83.058167,5.85,1516233146
"1333",3.9,2,40.0647159,-83.0581661,5.21,1516233147
"1334",3.9,2,40.0647587,-83.0581735,4.64,1516233148
"1335",4,2,40.0648047,-83.0581746,4.85,1516233149
"1336",3.9,1,40.0648474,-83.0581749,4.97,1516233150
"1337",3.9,0,40.0648932,-83.0581763,4.57,1516233151
"1338",3.9,359,40.064921,-83.0581692,4.37,1516233152
"1339",4,355,40.0649605,-83.0581704,4.37,1516233153
"1340",3.9,341,40.0649851,-83.0581903,3.24,1516233154
"1341",4,316,40.0650166,-83.058227,4.34,1516233155
"1342",3.9,295,40.065055,-83.0582762,3.65,1516233156
"1343",3.9,291,40.0650701,-83.0583144,3.67,1516233157
"1344",3.9,283,40.0650605,-83.0583237,3.71,1516233158
"1345",4,280,40.0650412,-83.058352,5.83,1516233159
"1346",3.9,278,40.06505,-83.058418,5.92,1516233160
"1347",3.9,275,40.0650538,-83.0584949,6,1516233161
"1348",3.9,273,40.0650476,-83.0585565,5.44,1516233162
"1349",4,273,40.0650509,-83.0586202,5.44,1516233163
"1350",3.9,273,40.0650492,-83.0586615,4.06,1516233164
"1351",3.9,272,40.06505,-83.0587019,3.52,1516233165
"1352",3.9,269,40.0650475,-83.0587208,1.78,1516233166
"1353",3.9,260,40.065035,-83.0587431,1.34,1516233167
"1354",3.9,253,40.065026,-83.0587658,1.74,1516233168
"1355",3.9,266,40.0650264,-83.0588235,3.13,1516233169
"1356",3.9,272,40.0650272,-83.0588642,3.44,1516233170
"1357",3,273,40.0650286,-83.0589046,3.44,1516233171
"1358",4,272,40.065034,-83.0589128,1.9,1516233172
"1359",4,267,40.0650308,-83.0589377,2.88,1516233173
"1360",4,242,40.0650202,-83.0589763,3.69,1516233174
"1361",4,222,40.0649989,-83.0590129,3.79,1516233175
"1362",3.9,204,40.0649699,-83.0590382,3.59,1516233176
"1363",3.9,195,40.0649353,-83.0590523,4.32,1516233177
"1364",3.9,188,40.0648949,-83.0590609,4.42,1516233178
"1365",3.9,183,40.0648547,-83.0590652,4.18,1516233179
"1366",3.9,182,40.064814,-83.0590671,4.7,1516233180
"1367",3.9,180,40.0647709,-83.0590682,4.69,1516233181
"1368",3.9,179,40.0647308,-83.0590672,4.08,1516233182
"1369",3.9,179,40.0646969,-83.0590658,3.42,1516233183
"1370",3.9,186,40.064671,-83.0590675,2.69,1516233184
"1371",3.9,197,40.0646486,-83.0590741,2.73,1516233185
"1372",3.9,204,40.0646292,-83.0590881,2.13,1516233186
"1373",3.9,228,40.0646144,-83.0591057,2.18,1516233187
"1374",3.9,246,40.0646073,-83.0591278,2.05,1516233188
"1375",4,262,40.0646066,-83.0591447,1.18,1516233189
"1376",4,267,40.0646087,-83.0591576,1.18,1516233190
"1377",4,0,40.064615,-83.0591558,0,1516233191
"1378",4,0,40.0646176,-83.0591502,0,1516233192
"1379",5,0,40.0646171,-83.0591477,0,1516233193
"1380",5,0,40.0646169,-83.0591464,0,1516233194
"1381",4,0,40.0646173,-83.0591466,0,1516233195
"1382",4,0,40.0646175,-83.0591467,0,1516233196
"1383",4,0,40.0646196,-83.0591495,0,1516233197
"1384",4,0,40.0646207,-83.059151,0,1516233198
"1385",96,0,40.0646212,-83.0591519,0,1516233199
"1386",5,0,40.0646219,-83.0591524,0,1516233200
"1387",5,0,40.0646216,-83.0591527,0,1516233201
"1388",5,0,40.0646214,-83.0591525,0,1516233202
"1389",5,0,40.064622,-83.0591533,0,1516233203
"1390",4,0,40.0646222,-83.0591539,0,1516233204
"1391",4,0,40.0646216,-83.0591547,0,1516233205
"1392",4,0,40.0646216,-83.0591549,0,1516233206
"1393",3.9,0,40.064621,-83.0591552,0,1516233207
"1394",3.9,0,40.0646206,-83.0591552,0,1516233208
"1395",4,0,40.0646204,-83.0591552,0,1516233209
"1396",4,0,40.0646204,-83.0591553,0,1516233210
"1397",4,0,40.0646204,-83.0591552,0,1516233211
"1398",5,0,40.0646204,-83.0591551,0,1516233212
"1399",5,0,40.0646204,-83.059155,0,1516233213
"1400",5,21,40.0646396,-83.059149,1.99,1516233214
"1401",4,7,40.0646665,-83.0591452,1.58,1516233215
"1402",4,10,40.0646907,-83.0591439,1.71,1516233216
"1403",4,0,40.0647135,-83.0591457,0,1516233217
"1404",4,0,40.0647254,-83.0591479,0,1516233218
"1405",5,0,40.0647264,-83.0591478,0,1516233219
"1406",4,0,40.0647285,-83.0591468,0,1516233220
"1407",4,0,40.0647338,-83.0591464,0,1516233221
"1408",4,0,40.0647402,-83.059146,0,1516233222
"1409",4,0,40.0647455,-83.0591454,0,1516233223
"1410",4,0,40.0647484,-83.0591446,0,1516233224
"1411",4,0,40.0647509,-83.0591429,0,1516233225
"1412",4,1,40.0647588,-83.059142,0.16,1516233226
"1413",4,2,40.0647711,-83.0591404,0.4,1516233227
"1414",4,14,40.0647865,-83.0591396,0.85,1516233228
"1415",5,26,40.0648052,-83.0591346,1.14,1516233229
"1416",5,20,40.0648263,-83.0591298,1.37,1516233230
"1417",5,15,40.0648492,-83.0591246,1.29,1516233231
"1418",6,15,40.0648718,-83.0591214,0.91,1516233232
"1419",6,15,40.0648888,-83.0591196,0.59,1516233233
"1420",6,15,40.0649063,-83.0591171,1.04,1516233234
"1421",7,15,40.0649229,-83.0591125,0.95,1516233235
"1422",6,0,40.0649442,-83.0591157,0,1516233236
"1423",6,0,40.0649569,-83.0591137,0,1516233237
"1424",5,0,40.0649656,-83.0591123,0,1516233238
"1425",5,0,40.0649699,-83.0591116,0,1516233239
"1426",5,14,40.0649811,-83.0591079,1.22,1516233240
"1427",5,353,40.0649965,-83.0591068,0.94,1516233241
"1428",6,14,40.0650062,-83.0591083,0.61,1516233242
"1429",7,14,40.0650138,-83.0591103,0.61,1516233243
"1430",8,14,40.0650163,-83.0591068,0.7,1516233244
"1431",9,14,40.0650161,-83.0590968,0.71,1516233245
"1432",10,14,40.0650143,-83.0590908,0.23,1516233246
"1433",11,14,40.0650143,-83.0590901,0.2,1516233247
"1434",11,0,40.0650155,-83.0590916,0,1516233248
"1435",12,0,40.0650167,-83.0590936,0,1516233249
"1436",14,0,40.0650174,-83.0590952,0,1516233250
"1437",14,0,40.0650185,-83.0590962,0,1516233251
"1438",15,0,40.0650191,-83.0590966,0,1516233252
"1439",15,0,40.0650196,-83.0590973,0,1516233253
"1440",17,0,40.065019,-83.059097,0,1516233254
"1441",18,0,40.0650184,-83.0590976,0,1516233255
"1442",21,0,40.0650181,-83.0590978,0,1516233256
"1443",26,0,40.065018,-83.0590979,0,1516233257
"1444",31,0,40.065018,-83.0590979,0,1516233258
"1445",38,0,40.065018,-83.0590979,0,1516233259
"1446",45,0,40.0650178,-83.0590981,0,1516233260
"1447",19.39,0,40.0650771,-83.0591308,0,1516233270.623
"1448",19.409,0,40.0650676,-83.0591334,0,1516233275.905
"1449",19.263,0,40.0650838,-83.0591308,0,1516233280.981
"1450",17.089,0,40.0650837,-83.0591325,0,1516233286.192
"1451",17.099,0,40.0650845,-83.0591281,0,1516233291.474
"1452",15.238,0,40.0650814,-83.0591286,0,1516233296.742
"1453",14.645,0,40.0650755,-83.0591332,0,1516233302.24
"1454",13.842,0,40.0650769,-83.059127,0,1516233307.54
"1455",13.613,0,40.0650638,-83.05913,0,1516233311.124
"1456",13.995,0,40.0650527,-83.0591263,0,1516233318.197
"1457",14.168,0,40.0650423,-83.0591299,0,1516233321.685
"1458",14.003,0,40.0650397,-83.0591326,0,1516233326.935
"1459",13.468,0,40.0650479,-83.0591322,0,1516233332.402
"1460",13.498,0,40.0650406,-83.0591345,0,1516233337.752
"1461",13.08,0,40.0650561,-83.0591347,0,1516233343.071
"1462",13.178,0,40.0650584,-83.0591361,0,1516233348.397
"1463",12.929,0,40.0650669,-83.0591374,0,1516233351.897
"1464",13.056,0,40.0650577,-83.0591383,0,1516233357.122
"1465",13.461,0,40.0650475,-83.0591453,0,1516233362.378
"1466",13.048,0,40.0650607,-83.0591415,0,1516233367.651
"1467",12.855,0,40.0650667,-83.0591369,0,1516233372.926
"1468",12.716,0,40.0650732,-83.0591361,0,1516233378.105
"1469",12.62,0,40.0650774,-83.0591365,0,1516233383.421
"1470",12.559,0,40.0650806,-83.0591356,0,1516233388.759
"1471",12.522,0,40.0650828,-83.0591349,0,1516233392.243
"1472",12.486,0,40.0650839,-83.0591346,0,1516233397.539
"1473",12.466,0,40.0650851,-83.0591344,0,1516233402.816
"1474",12.45,0,40.0650857,-83.0591334,0,1516233408.037
"1475",12.444,0,40.0650864,-83.0591334,0,1516233413.415
